epoch,train_classification_loss,train_alignment_loss,train_total_loss,art_painting_validation_accuracy,art_painting_validation_macro_f1,cartoon_validation_accuracy,cartoon_validation_macro_f1,photo_validation_accuracy,photo_validation_macro_f1,mean_source_validation_accuracy,mean_source_validation_macro_f1
1,0.46745727272529125,0.21785334440378043,0.6853106163887897,0.8829268292682927,0.8804984813572286,0.8976545842217484,0.89998432538441,0.937125748502994,0.9234682621085163,0.9059023873310116,0.9013170229500517
2,0.19968722205067801,0.17547485155936998,0.3751620740717293,0.8707317073170732,0.8687235826414027,0.9253731343283582,0.9332045596935448,0.9550898203592815,0.9457792761373324,0.9170648873349042,0.9159024728240933
3,0.14613503966735214,0.1765511382339347,0.3226861779251669,0.8878048780487805,0.884287952888412,0.929637526652452,0.9318457698560767,0.9640718562874252,0.960185455841495,0.9271714203295526,0.9254397261953279
4,0.12288015309928192,0.1697657006418603,0.2926458530446403,0.9,0.9058049198432816,0.9339019189765458,0.9369855226709626,0.9610778443113772,0.9542046112215161,0.9316599210959744,0.9323316845785868
5,0.0795874247391127,0.17036706463903442,0.24995449032538977,0.9,0.9011059893541269,0.9381663113006397,0.9427276132193086,0.9700598802395209,0.9674213271673858,0.9360753971800535,0.9370849765802739
6,0.07687268430828793,0.17384877775469396,0.25072146229382253,0.8926829268292683,0.8923616545635543,0.9509594882729211,0.9534651784887173,0.9760479041916168,0.9717190988900027,0.9398967730979354,0.9391819773140915
7,0.06499306451226784,0.17819336846343473,0.24318643305928278,0.8804878048780488,0.8841504145479584,0.9530916844349681,0.9578856413481616,0.9640718562874252,0.9578032546785205,0.9325504485334807,0.9332797701915467
8,0.05149528622611338,0.1682274280450283,0.21972271414776134,0.9121951219512195,0.9107894187481513,0.9509594882729211,0.9557351773198873,0.9640718562874252,0.9572959301940689,0.9424088221705219,0.9412735087540357
9,0.07237193263414451,0.15819636267474574,0.2305682953606304,0.9097560975609756,0.9111099896083698,0.9466950959488273,0.9512085767983611,0.9640718562874252,0.9568894457157773,0.9401743499324094,0.939736004040836
10,0.0546041725593436,0.15979339220584968,0.2143975642756519,0.8780487804878049,0.8819410732271106,0.9381663113006397,0.9435280993496908,0.9700598802395209,0.9644972218907056,0.9287583240093218,0.9299887981558356
11,0.061088879954897694,0.16148261432973748,0.22257149496521705,0.8682926829268293,0.869495683567967,0.9232409381663113,0.9292328168161739,0.9431137724550899,0.938347957881798,0.9115491311827434,0.9123588194219797
12,0.048658080574156895,0.15605337803180402,0.20471145830348006,0.8829268292682927,0.88512847686111,0.9637526652452025,0.9665160271120421,0.9580838323353293,0.9512549452584615,0.9349211089496082,0.9342998164105379
13,0.05352112915542009,0.15966189926506108,0.21318302898962274,0.9024390243902439,0.9021567921687509,0.9339019189765458,0.9391242093335873,0.9401197604790419,0.9304400633691252,0.9254869012819439,0.9239070216238211
