conflict_id,content_class,style_class,content_id,style_id,output_path,resnet_content_similarity,resnet_style_similarity,resnet_similarity_difference,vit_content_similarity,vit_style_similarity,vit_similarity_difference,clip_content_similarity,clip_style_similarity,clip_similarity_difference
pair_01_direction_1_candidate_01,airplane,monkey,5918,5450,results\cue_conflicts\candidates\pair_01_direction_1_candidate_01.png,0.15795252,0.21148165,-0.05352913,0.04034409,0.15525866,-0.11491457,0.64877534,0.6791935,-0.030418158
pair_01_direction_1_candidate_02,airplane,monkey,7373,2668,results\cue_conflicts\candidates\pair_01_direction_1_candidate_02.png,0.1529981,0.07866546,0.07433265,0.07947406,0.0050639194,0.07441014,0.6409649,0.65576893,-0.014804006
pair_01_direction_1_candidate_04,airplane,monkey,3025,7270,results\cue_conflicts\candidates\pair_01_direction_1_candidate_04.png,0.42122656,0.11978941,0.30143714,0.5396253,0.027312104,0.5123132,0.82298,0.7412236,0.08175641
pair_01_direction_1_candidate_05,airplane,monkey,42,5719,results\cue_conflicts\candidates\pair_01_direction_1_candidate_05.png,0.17394345,0.13804083,0.03590262,0.16143218,0.1452267,0.016205475,0.67736447,0.65732586,0.020038605
pair_01_direction_1_candidate_08,airplane,monkey,4130,1884,results\cue_conflicts\candidates\pair_01_direction_1_candidate_08.png,0.19776055,0.111958265,0.08580229,0.27868262,0.025352407,0.2533302,0.67339313,0.61162317,0.061769962
pair_01_direction_1_candidate_10,airplane,monkey,1596,1956,results\cue_conflicts\candidates\pair_01_direction_1_candidate_10.png,0.23325293,0.24647154,-0.0132186115,0.2411751,0.051606476,0.18956862,0.53832376,0.7075563,-0.16923255
pair_01_direction_1_candidate_11,airplane,monkey,7634,5848,results\cue_conflicts\candidates\pair_01_direction_1_candidate_11.png,0.111110985,0.16286695,-0.051755965,0.5865086,0.000730671,0.5857779,0.7544611,0.60262465,0.15183645
pair_01_direction_1_candidate_14,airplane,monkey,3083,4236,results\cue_conflicts\candidates\pair_01_direction_1_candidate_14.png,0.16995472,0.098104104,0.07185061,0.27190197,-0.0052854326,0.2771874,0.6936443,0.632054,0.061590314
pair_01_direction_1_candidate_15,airplane,monkey,5117,6650,results\cue_conflicts\candidates\pair_01_direction_1_candidate_15.png,0.15275261,0.33637258,-0.18361998,0.31753972,0.032186408,0.2853533,0.732504,0.60991246,0.122591555
pair_01_direction_1_candidate_16,airplane,monkey,1389,1473,results\cue_conflicts\candidates\pair_01_direction_1_candidate_16.png,0.30220565,0.104767755,0.1974379,0.3734547,-0.03894466,0.41239935,0.5874816,0.54387444,0.043607175
pair_01_direction_1_candidate_17,airplane,monkey,3876,3446,results\cue_conflicts\candidates\pair_01_direction_1_candidate_17.png,0.34500423,0.16420402,0.18080021,0.23414902,0.09317401,0.14097501,0.69348675,0.5943106,0.09917617
pair_01_direction_1_candidate_18,airplane,monkey,6455,2854,results\cue_conflicts\candidates\pair_01_direction_1_candidate_18.png,0.13266483,0.17338508,-0.040720254,0.066936515,0.004956997,0.061979517,0.68781984,0.6615005,0.026319325
pair_01_direction_1_candidate_19,airplane,monkey,6844,1048,results\cue_conflicts\candidates\pair_01_direction_1_candidate_19.png,0.20593318,0.26480195,-0.058868766,0.29088807,0.080854945,0.21003312,0.6293429,0.62983024,-0.00048732758
pair_01_direction_1_candidate_20,airplane,monkey,7150,4661,results\cue_conflicts\candidates\pair_01_direction_1_candidate_20.png,0.13334565,0.13559495,-0.0022493005,0.47711164,0.06330404,0.4138076,0.72102296,0.588732,0.13229096
pair_01_direction_1_candidate_21,airplane,monkey,5912,323,results\cue_conflicts\candidates\pair_01_direction_1_candidate_21.png,0.28355673,0.15790527,0.12565146,0.13682562,-0.012332031,0.14915766,0.7088017,0.61305904,0.09574264
pair_01_direction_1_candidate_23,airplane,monkey,5999,6726,results\cue_conflicts\candidates\pair_01_direction_1_candidate_23.png,0.16468053,0.2406216,-0.07594107,0.13971016,0.030994395,0.108715765,0.6300101,0.60932064,0.020689487
pair_01_direction_1_candidate_27,airplane,monkey,2888,2746,results\cue_conflicts\candidates\pair_01_direction_1_candidate_27.png,0.23834237,0.17648119,0.061861187,0.46056718,0.015635824,0.44493136,0.6817345,0.5974792,0.08425528
pair_01_direction_1_candidate_28,airplane,monkey,7262,1287,results\cue_conflicts\candidates\pair_01_direction_1_candidate_28.png,0.182152,0.1242281,0.057923906,0.39713016,0.007912103,0.38921806,0.7421063,0.6057254,0.13638091
pair_01_direction_1_candidate_29,airplane,monkey,2242,5436,results\cue_conflicts\candidates\pair_01_direction_1_candidate_29.png,0.38886827,0.14344062,0.24542765,0.335266,0.014239345,0.32102665,0.74488664,0.6567155,0.088171124
pair_01_direction_1_candidate_30,airplane,monkey,4539,370,results\cue_conflicts\candidates\pair_01_direction_1_candidate_30.png,0.29316002,0.16704391,0.12611611,0.39326808,-0.024804294,0.41807237,0.7562932,0.6200701,0.13622308
pair_05_direction_1_candidate_01,bird,dog,1993,4106,results\cue_conflicts\candidates\pair_05_direction_1_candidate_01.png,0.78156507,0.23885557,0.54270947,0.6615766,0.011652574,0.64992404,0.8769722,0.7120057,0.16496652
pair_05_direction_1_candidate_03,bird,dog,5488,4547,results\cue_conflicts\candidates\pair_05_direction_1_candidate_03.png,0.8368196,0.19275205,0.6440675,0.8469964,0.04438988,0.8026065,0.92491496,0.6655542,0.25936073
pair_05_direction_1_candidate_05,bird,dog,2178,4570,results\cue_conflicts\candidates\pair_05_direction_1_candidate_05.png,0.73138803,0.1517352,0.57965285,0.6883028,0.054814372,0.6334884,0.84895724,0.6363734,0.21258384
pair_05_direction_1_candidate_06,bird,dog,7390,1877,results\cue_conflicts\candidates\pair_05_direction_1_candidate_06.png,0.29305288,0.32032335,-0.027270466,0.35048464,-0.00028519332,0.35076982,0.74386054,0.7019911,0.04186946
pair_05_direction_1_candidate_07,bird,dog,3550,378,results\cue_conflicts\candidates\pair_05_direction_1_candidate_07.png,0.25616252,0.077515,0.17864752,0.38273,0.012360342,0.37036967,0.796217,0.649825,0.14639205
pair_05_direction_1_candidate_08,bird,dog,1871,568,results\cue_conflicts\candidates\pair_05_direction_1_candidate_08.png,0.41357404,0.14785838,0.26571566,0.14403422,0.036340192,0.10769403,0.74992484,0.5991899,0.15073496
pair_05_direction_1_candidate_09,bird,dog,3491,5381,results\cue_conflicts\candidates\pair_05_direction_1_candidate_09.png,0.5581631,0.21065187,0.34751123,0.4741527,0.027787525,0.44636518,0.7320994,0.67533755,0.05676186
pair_05_direction_1_candidate_12,bird,dog,5256,2427,results\cue_conflicts\candidates\pair_05_direction_1_candidate_12.png,0.5157729,0.0978531,0.41791978,0.5371733,0.01701051,0.52016276,0.8992458,0.6657585,0.23348731
pair_05_direction_1_candidate_13,bird,dog,5092,2334,results\cue_conflicts\candidates\pair_05_direction_1_candidate_13.png,0.6545374,0.07870985,0.57582754,0.72821736,0.017444568,0.7107728,0.8518687,0.61086303,0.24100566
pair_05_direction_1_candidate_15,bird,dog,1230,319,results\cue_conflicts\candidates\pair_05_direction_1_candidate_15.png,0.46343374,0.14533888,0.31809485,0.6717191,0.018276205,0.65344286,0.7502904,0.6228254,0.12746501
pair_05_direction_1_candidate_17,bird,dog,6805,2623,results\cue_conflicts\candidates\pair_05_direction_1_candidate_17.png,0.13494328,0.16153751,-0.026594236,0.24857868,-0.02841669,0.27699536,0.7560034,0.69881123,0.057192147
pair_05_direction_1_candidate_18,bird,dog,6169,1644,results\cue_conflicts\candidates\pair_05_direction_1_candidate_18.png,0.5041206,0.15047516,0.35364544,0.6367946,0.08160138,0.55519325,0.8555517,0.63355386,0.22199786
pair_05_direction_1_candidate_20,bird,dog,1852,2458,results\cue_conflicts\candidates\pair_05_direction_1_candidate_20.png,0.6821765,0.15036684,0.5318096,0.71074885,-0.034064826,0.7448137,0.8665732,0.67192084,0.19465238
pair_05_direction_1_candidate_21,bird,dog,1115,6989,results\cue_conflicts\candidates\pair_05_direction_1_candidate_21.png,0.50391525,0.18195188,0.32196337,0.45631605,0.017059937,0.43925613,0.8018389,0.6048847,0.19695419
pair_05_direction_1_candidate_22,bird,dog,1986,4953,results\cue_conflicts\candidates\pair_05_direction_1_candidate_22.png,0.44551498,0.18790859,0.2576064,0.627252,0.052825227,0.5744268,0.8623712,0.70878345,0.15358776
pair_05_direction_1_candidate_26,bird,dog,304,645,results\cue_conflicts\candidates\pair_05_direction_1_candidate_26.png,0.48903087,0.19393876,0.2950921,0.3278622,-0.006886529,0.33474874,0.8556256,0.6588957,0.19672996
pair_05_direction_1_candidate_27,bird,dog,5560,4966,results\cue_conflicts\candidates\pair_05_direction_1_candidate_27.png,0.36801803,0.38724184,-0.01922381,0.47568482,0.11583507,0.35984975,0.837116,0.67172766,0.16538835
pair_05_direction_1_candidate_28,bird,dog,2157,6716,results\cue_conflicts\candidates\pair_05_direction_1_candidate_28.png,0.62921035,0.14913851,0.48007184,0.5165151,0.0461816,0.4703335,0.852748,0.664841,0.18790698
pair_05_direction_1_candidate_29,bird,dog,6954,685,results\cue_conflicts\candidates\pair_05_direction_1_candidate_29.png,0.5734303,0.16091847,0.41251183,0.39075795,0.04672578,0.34403217,0.69270134,0.5787468,0.113954544
pair_05_direction_1_candidate_30,bird,dog,5123,3889,results\cue_conflicts\candidates\pair_05_direction_1_candidate_30.png,0.26508045,0.089393675,0.17568678,0.44293395,0.022376273,0.42055768,0.77995455,0.62158287,0.15837169
pair_02_direction_1_candidate_01,car,deer,6616,7692,results\cue_conflicts\candidates\pair_02_direction_1_candidate_01.png,0.32938612,0.19674745,0.13263866,0.47327188,0.04540373,0.42786816,0.83650786,0.54791796,0.2885899
pair_02_direction_1_candidate_02,car,deer,49,3458,results\cue_conflicts\candidates\pair_02_direction_1_candidate_02.png,0.38035727,0.18584739,0.19450988,0.6404809,0.06279038,0.5776905,0.67888165,0.65775627,0.021125376
pair_02_direction_1_candidate_05,car,deer,2392,2399,results\cue_conflicts\candidates\pair_02_direction_1_candidate_05.png,0.5379946,0.14921644,0.38877818,0.48608974,0.028871596,0.45721814,0.7237399,0.5521473,0.1715926
pair_02_direction_1_candidate_06,car,deer,3755,5062,results\cue_conflicts\candidates\pair_02_direction_1_candidate_06.png,0.66063106,0.14614399,0.5144871,0.61118263,0.050273135,0.5609095,0.8775723,0.63323075,0.24434155
pair_02_direction_1_candidate_07,car,deer,2502,4054,results\cue_conflicts\candidates\pair_02_direction_1_candidate_07.png,0.17810884,0.23188668,-0.053777844,0.4249673,0.13249707,0.29247022,0.5707307,0.6116143,-0.0408836
pair_02_direction_1_candidate_09,car,deer,1839,1429,results\cue_conflicts\candidates\pair_02_direction_1_candidate_09.png,0.15985532,0.2227234,-0.06286807,0.13885878,0.052079093,0.086779684,0.6613219,0.78739405,-0.12607217
pair_02_direction_1_candidate_10,car,deer,6692,3034,results\cue_conflicts\candidates\pair_02_direction_1_candidate_10.png,0.30077124,0.1633897,0.13738154,0.5442684,0.055066492,0.48920193,0.735388,0.56622314,0.16916484
pair_02_direction_1_candidate_11,car,deer,483,4629,results\cue_conflicts\candidates\pair_02_direction_1_candidate_11.png,0.23609611,0.3195477,-0.0834516,0.50693464,0.1140994,0.39283526,0.7102616,0.64015454,0.07010704
pair_02_direction_1_candidate_12,car,deer,5824,3287,results\cue_conflicts\candidates\pair_02_direction_1_candidate_12.png,0.37616313,0.14199653,0.23416659,0.3772969,0.01985342,0.35744348,0.7870191,0.5977875,0.18923157
pair_02_direction_1_candidate_13,car,deer,6271,506,results\cue_conflicts\candidates\pair_02_direction_1_candidate_13.png,0.23474003,0.19150601,0.04323402,0.5618322,0.07532521,0.48650697,0.5442892,0.540752,0.003537178
pair_02_direction_1_candidate_14,car,deer,6028,7475,results\cue_conflicts\candidates\pair_02_direction_1_candidate_14.png,0.55212367,0.29537055,0.25675312,0.6052835,0.03885311,0.5664304,0.78639907,0.53308743,0.25331163
pair_02_direction_1_candidate_16,car,deer,6332,6528,results\cue_conflicts\candidates\pair_02_direction_1_candidate_16.png,0.44240952,0.15576339,0.28664613,0.5656263,0.05852401,0.5071023,0.6580223,0.6928256,-0.03480333
pair_02_direction_1_candidate_17,car,deer,3067,7610,results\cue_conflicts\candidates\pair_02_direction_1_candidate_17.png,0.52545786,0.14066075,0.3847971,0.68896925,0.08707602,0.60189325,0.6922564,0.5662372,0.12601918
pair_02_direction_1_candidate_18,car,deer,5756,7864,results\cue_conflicts\candidates\pair_02_direction_1_candidate_18.png,0.34911695,0.24205762,0.10705933,0.34554607,0.016994637,0.32855144,0.69543296,0.5887048,0.10672814
pair_02_direction_1_candidate_19,car,deer,5395,6097,results\cue_conflicts\candidates\pair_02_direction_1_candidate_19.png,0.5310093,0.1805447,0.3504646,0.6250417,0.062288396,0.5627533,0.8275623,0.5581685,0.2693938
pair_02_direction_1_candidate_25,car,deer,5218,1266,results\cue_conflicts\candidates\pair_02_direction_1_candidate_25.png,0.48552087,0.16966935,0.3158515,0.6386295,0.057926025,0.5807035,0.7237236,0.61388725,0.10983634
pair_02_direction_1_candidate_26,car,deer,5677,3891,results\cue_conflicts\candidates\pair_02_direction_1_candidate_26.png,0.4416152,0.19954318,0.24207202,0.3564911,0.017620184,0.3388709,0.69085336,0.6596145,0.031238854
pair_02_direction_1_candidate_27,car,deer,4065,4740,results\cue_conflicts\candidates\pair_02_direction_1_candidate_27.png,0.3914467,0.19406368,0.19738303,0.44497555,0.10660904,0.3383665,0.7101807,0.6468044,0.06337631
pair_02_direction_1_candidate_28,car,deer,1403,3512,results\cue_conflicts\candidates\pair_02_direction_1_candidate_28.png,0.36728564,0.18148606,0.18579958,0.47820276,0.03608592,0.44211686,0.71659213,0.5669144,0.14967775
pair_02_direction_1_candidate_29,car,deer,6503,7944,results\cue_conflicts\candidates\pair_02_direction_1_candidate_29.png,0.4626878,0.21363458,0.24905321,0.6293474,0.07899939,0.550348,0.8280186,0.6376299,0.19038868
pair_03_direction_2_candidate_01,cat,ship,677,739,results\cue_conflicts\candidates\pair_03_direction_2_candidate_01.png,0.52717894,0.12640148,0.40077746,0.4699873,0.0074034156,0.4625839,0.83634436,0.5190788,0.31726557
pair_03_direction_2_candidate_02,cat,ship,2028,2342,results\cue_conflicts\candidates\pair_03_direction_2_candidate_02.png,0.40911064,0.19560468,0.21350595,0.3015167,0.035181273,0.26633543,0.62344915,0.6031571,0.020292044
pair_03_direction_2_candidate_04,cat,ship,1401,5705,results\cue_conflicts\candidates\pair_03_direction_2_candidate_04.png,0.0990623,0.24997722,-0.15091491,0.15183383,0.102995455,0.048838377,0.7617645,0.5038093,0.25795525
pair_03_direction_2_candidate_07,cat,ship,372,2340,results\cue_conflicts\candidates\pair_03_direction_2_candidate_07.png,0.2376587,0.129077,0.10858169,0.075179994,0.0829833,-0.007803306,0.71403,0.57858056,0.13544947
pair_03_direction_2_candidate_08,cat,ship,1204,7818,results\cue_conflicts\candidates\pair_03_direction_2_candidate_08.png,0.3819371,0.3926282,-0.010691106,0.39517745,0.09961546,0.295562,0.6630579,0.7100296,-0.04697168
pair_03_direction_2_candidate_09,cat,ship,2754,3948,results\cue_conflicts\candidates\pair_03_direction_2_candidate_09.png,0.38092616,0.2513672,0.12955895,0.18724157,0.16145815,0.02578342,0.73739815,0.5492343,0.18816388
pair_03_direction_2_candidate_10,cat,ship,1431,667,results\cue_conflicts\candidates\pair_03_direction_2_candidate_10.png,0.4329585,0.20799698,0.22496153,0.57638794,0.064761214,0.5116267,0.8268609,0.50757694,0.31928396
pair_03_direction_2_candidate_11,cat,ship,672,4355,results\cue_conflicts\candidates\pair_03_direction_2_candidate_11.png,0.44209456,0.23124997,0.21084459,0.21392599,0.088814154,0.12511183,0.71202195,0.5722023,0.13981962
pair_03_direction_2_candidate_13,cat,ship,3375,3905,results\cue_conflicts\candidates\pair_03_direction_2_candidate_13.png,0.05952811,0.15134887,-0.09182076,0.1530713,0.063675255,0.089396045,0.69474137,0.54543567,0.1493057
pair_03_direction_2_candidate_14,cat,ship,1370,5000,results\cue_conflicts\candidates\pair_03_direction_2_candidate_14.png,0.27605516,0.2719648,0.0040903687,0.32774124,0.09300081,0.23474044,0.7958954,0.63593334,0.15996206
pair_03_direction_2_candidate_15,cat,ship,1563,5451,results\cue_conflicts\candidates\pair_03_direction_2_candidate_15.png,0.16354698,0.18615118,-0.022604197,0.0630008,-0.0070060887,0.070006885,0.61989355,0.5845009,0.035392642
pair_03_direction_2_candidate_17,cat,ship,1531,6434,results\cue_conflicts\candidates\pair_03_direction_2_candidate_17.png,0.5234165,0.2645468,0.2588697,0.20614591,0.03805682,0.16808909,0.76034695,0.554872,0.20547497
pair_03_direction_2_candidate_18,cat,ship,4821,2745,results\cue_conflicts\candidates\pair_03_direction_2_candidate_18.png,0.12132397,0.29645765,-0.17513368,0.031438835,0.15601455,-0.12457571,0.64049196,0.5996858,0.040806174
pair_03_direction_2_candidate_19,cat,ship,3914,4311,results\cue_conflicts\candidates\pair_03_direction_2_candidate_19.png,0.24360913,0.28923532,-0.045626193,0.29512173,0.015167716,0.27995402,0.6080727,0.61006373,-0.0019910336
pair_03_direction_2_candidate_23,cat,ship,1263,7810,results\cue_conflicts\candidates\pair_03_direction_2_candidate_23.png,0.22978163,0.22019576,0.009585872,0.22688125,0.22827873,-0.0013974756,0.6589571,0.6230833,0.03587383
pair_03_direction_2_candidate_24,cat,ship,7793,194,results\cue_conflicts\candidates\pair_03_direction_2_candidate_24.png,0.22625987,0.23443907,-0.008179203,0.07234571,0.020766981,0.05157873,0.6441255,0.5492074,0.09491813
pair_03_direction_2_candidate_25,cat,ship,4330,4990,results\cue_conflicts\candidates\pair_03_direction_2_candidate_25.png,0.27936476,0.28727558,-0.007910818,0.13961414,0.045654263,0.09395987,0.7033666,0.58919543,0.11417115
pair_03_direction_2_candidate_27,cat,ship,979,4662,results\cue_conflicts\candidates\pair_03_direction_2_candidate_27.png,0.60704124,0.19343583,0.4136054,0.3935407,-0.05004795,0.44358867,0.7770065,0.464707,0.31229952
pair_03_direction_2_candidate_29,cat,ship,5528,2844,results\cue_conflicts\candidates\pair_03_direction_2_candidate_29.png,0.20304412,0.32526863,-0.12222451,0.35433015,0.19685504,0.15747511,0.6676501,0.56809306,0.09955704
pair_03_direction_2_candidate_30,cat,ship,3276,1954,results\cue_conflicts\candidates\pair_03_direction_2_candidate_30.png,0.49229392,0.23292129,0.25937265,0.39012244,0.08177489,0.30834755,0.79154676,0.5884777,0.20306909
pair_02_direction_2_candidate_01,deer,car,3179,6271,results\cue_conflicts\candidates\pair_02_direction_2_candidate_01.png,0.27361894,0.12617646,0.14744247,0.1866172,0.062627174,0.12399002,0.5986523,0.47390667,0.12474564
pair_02_direction_2_candidate_02,deer,car,3122,483,results\cue_conflicts\candidates\pair_02_direction_2_candidate_02.png,0.16068979,0.103813864,0.05687592,0.17152572,0.039336145,0.13218957,0.6858494,0.58226,0.103589416
pair_02_direction_2_candidate_03,deer,car,6508,1814,results\cue_conflicts\candidates\pair_02_direction_2_candidate_03.png,0.24182406,0.1707105,0.07111356,0.32609752,0.05399702,0.2721005,0.6259857,0.6121151,0.013870597
pair_02_direction_2_candidate_04,deer,car,5402,6426,results\cue_conflicts\candidates\pair_02_direction_2_candidate_04.png,0.18844844,0.15086745,0.037580997,0.21820386,0.039974377,0.17822948,0.6457609,0.4346083,0.21115258
pair_02_direction_2_candidate_05,deer,car,3078,317,results\cue_conflicts\candidates\pair_02_direction_2_candidate_05.png,0.15838818,0.17453617,-0.016147986,0.010125339,0.030489229,-0.02036389,0.65196484,0.5371133,0.114851534
pair_02_direction_2_candidate_07,deer,car,7940,714,results\cue_conflicts\candidates\pair_02_direction_2_candidate_07.png,0.36940345,0.22524561,0.14415784,0.38471994,-0.005465311,0.39018524,0.8017085,0.5218946,0.27981395
pair_02_direction_2_candidate_09,deer,car,2399,6503,results\cue_conflicts\candidates\pair_02_direction_2_candidate_09.png,0.33895048,0.15444696,0.18450353,0.42203888,-0.022695405,0.44473428,0.6798378,0.6105258,0.069312036
pair_02_direction_2_candidate_10,deer,car,5077,1520,results\cue_conflicts\candidates\pair_02_direction_2_candidate_10.png,0.39841187,0.1761796,0.22223227,0.38428342,0.11475394,0.2695295,0.74372417,0.63692623,0.10679793
pair_02_direction_2_candidate_13,deer,car,4629,4921,results\cue_conflicts\candidates\pair_02_direction_2_candidate_13.png,0.37953678,0.26801482,0.11152196,0.18259516,0.10499889,0.07759628,0.69454694,0.5702574,0.12428951
pair_02_direction_2_candidate_14,deer,car,5467,4735,results\cue_conflicts\candidates\pair_02_direction_2_candidate_14.png,0.47843572,0.13430421,0.34413153,0.23252244,0.018798323,0.21372412,0.6757031,0.4964178,0.17928532
pair_02_direction_2_candidate_15,deer,car,6288,7425,results\cue_conflicts\candidates\pair_02_direction_2_candidate_15.png,0.33395895,0.19748837,0.13647059,0.3711626,0.09819833,0.27296427,0.6582778,0.46145442,0.19682339
pair_02_direction_2_candidate_17,deer,car,7610,5218,results\cue_conflicts\candidates\pair_02_direction_2_candidate_17.png,0.22739893,0.10193896,0.12545997,0.25072533,0.08224134,0.16848399,0.6742727,0.45584196,0.21843076
pair_02_direction_2_candidate_18,deer,car,3763,5183,results\cue_conflicts\candidates\pair_02_direction_2_candidate_18.png,0.28328535,0.14743735,0.135848,0.10517295,0.07700211,0.028170839,0.60143596,0.5318019,0.06963408
pair_02_direction_2_candidate_21,deer,car,7692,5030,results\cue_conflicts\candidates\pair_02_direction_2_candidate_21.png,0.2079096,0.11647256,0.09143704,0.01261396,0.06538695,-0.05277299,0.49120906,0.36498144,0.12622762
pair_02_direction_2_candidate_22,deer,car,6033,5318,results\cue_conflicts\candidates\pair_02_direction_2_candidate_22.png,0.3267942,0.21798247,0.108811736,0.1639207,0.07545176,0.08846894,0.73452324,0.6342757,0.10024756
pair_02_direction_2_candidate_23,deer,car,6528,2082,results\cue_conflicts\candidates\pair_02_direction_2_candidate_23.png,0.21472403,0.22267917,-0.007955134,0.36497152,0.061379924,0.3035916,0.78373295,0.55079997,0.23293298
pair_02_direction_2_candidate_24,deer,car,1429,6616,results\cue_conflicts\candidates\pair_02_direction_2_candidate_24.png,0.3049141,0.13034476,0.17456932,0.095226094,-0.01412857,0.10935467,0.8351624,0.6944848,0.14067763
pair_02_direction_2_candidate_26,deer,car,5213,49,results\cue_conflicts\candidates\pair_02_direction_2_candidate_26.png,0.26715633,0.16043217,0.10672416,0.46283504,0.13575235,0.3270827,0.6891637,0.55432326,0.13484043
pair_02_direction_2_candidate_27,deer,car,3994,981,results\cue_conflicts\candidates\pair_02_direction_2_candidate_27.png,0.17860949,0.20725055,-0.02864106,0.22437696,0.11989923,0.10447773,0.6064947,0.5986002,0.007894516
pair_02_direction_2_candidate_29,deer,car,4642,6692,results\cue_conflicts\candidates\pair_02_direction_2_candidate_29.png,0.3952237,0.17215914,0.22306457,0.40841958,0.060425438,0.34799415,0.68596846,0.5727938,0.11317468
pair_05_direction_2_candidate_01,dog,bird,2623,2095,results\cue_conflicts\candidates\pair_05_direction_2_candidate_01.png,0.38135412,0.21452981,0.16682431,0.28767112,0.10218,0.18549111,0.83009636,0.6482621,0.18183428
pair_05_direction_2_candidate_03,dog,bird,5924,3491,results\cue_conflicts\candidates\pair_05_direction_2_candidate_03.png,0.596598,0.37865797,0.21794006,0.47581336,0.17558324,0.30023012,0.79608774,0.6139341,0.18215364
pair_05_direction_2_candidate_05,dog,bird,2268,261,results\cue_conflicts\candidates\pair_05_direction_2_candidate_05.png,0.61868334,0.1725793,0.44610405,0.637867,0.07623315,0.5616338,0.8063943,0.6123645,0.19402981
pair_05_direction_2_candidate_06,dog,bird,1095,3413,results\cue_conflicts\candidates\pair_05_direction_2_candidate_06.png,0.46403772,0.20794266,0.25609505,0.6897196,0.06775909,0.6219605,0.83968943,0.5615731,0.27811635
pair_05_direction_2_candidate_08,dog,bird,4953,304,results\cue_conflicts\candidates\pair_05_direction_2_candidate_08.png,0.5788072,0.2899551,0.28885207,0.3814262,0.10385725,0.27756894,0.78641886,0.74336547,0.04305339
pair_05_direction_2_candidate_09,dog,bird,5101,4298,results\cue_conflicts\candidates\pair_05_direction_2_candidate_09.png,0.7120197,0.1552903,0.5567294,0.66077566,0.08046328,0.5803124,0.79675454,0.52011025,0.2766443
pair_05_direction_2_candidate_10,dog,bird,3889,2116,results\cue_conflicts\candidates\pair_05_direction_2_candidate_10.png,0.37225902,0.35269204,0.019566983,0.70636785,-0.025739474,0.73210734,0.8693601,0.666842,0.2025181
pair_05_direction_2_candidate_11,dog,bird,319,5488,results\cue_conflicts\candidates\pair_05_direction_2_candidate_11.png,0.62525445,0.19010696,0.4351475,0.43960947,0.038805462,0.400804,0.8383524,0.76520544,0.07314694
pair_05_direction_2_candidate_12,dog,bird,6716,7955,results\cue_conflicts\candidates\pair_05_direction_2_candidate_12.png,0.41551763,0.31299874,0.10251889,0.39285797,0.15443227,0.2384257,0.7988236,0.5791974,0.21962619
pair_05_direction_2_candidate_13,dog,bird,2950,2690,results\cue_conflicts\candidates\pair_05_direction_2_candidate_13.png,0.3912831,0.28386575,0.107417345,0.5213721,0.10985902,0.41151306,0.808055,0.6028968,0.20515817
pair_05_direction_2_candidate_15,dog,bird,4547,7390,results\cue_conflicts\candidates\pair_05_direction_2_candidate_15.png,0.25047162,0.20196417,0.048507452,0.16355139,-0.011393897,0.1749453,0.67542326,0.6678001,0.007623136
pair_05_direction_2_candidate_16,dog,bird,5381,6594,results\cue_conflicts\candidates\pair_05_direction_2_candidate_16.png,0.37894082,0.30245638,0.07648444,0.22285828,0.0770159,0.14584237,0.7177058,0.6607993,0.05690646
pair_05_direction_2_candidate_17,dog,bird,2391,1986,results\cue_conflicts\candidates\pair_05_direction_2_candidate_17.png,0.37181485,0.17905022,0.19276462,0.21727726,0.15075704,0.066520214,0.6653911,0.68696964,-0.02157855
pair_05_direction_2_candidate_18,dog,bird,3863,7029,results\cue_conflicts\candidates\pair_05_direction_2_candidate_18.png,0.85973483,0.0776301,0.78210473,0.9208006,0.015654223,0.9051464,0.8174654,0.5960889,0.22137654
pair_05_direction_2_candidate_21,dog,bird,7413,6836,results\cue_conflicts\candidates\pair_05_direction_2_candidate_21.png,0.64660186,0.115535855,0.531066,0.66763204,0.048424456,0.61920756,0.8103069,0.6540525,0.15625441
pair_05_direction_2_candidate_24,dog,bird,7130,5123,results\cue_conflicts\candidates\pair_05_direction_2_candidate_24.png,0.4577542,0.27338153,0.18437266,0.2626526,0.16820417,0.09444843,0.66386974,0.660898,0.0029717684
pair_05_direction_2_candidate_25,dog,bird,2265,5220,results\cue_conflicts\candidates\pair_05_direction_2_candidate_25.png,0.37591282,0.47301498,-0.097102165,0.5340377,0.08681419,0.4472235,0.81077677,0.77352625,0.03725052
pair_05_direction_2_candidate_27,dog,bird,6358,2178,results\cue_conflicts\candidates\pair_05_direction_2_candidate_27.png,0.45198298,0.24996208,0.2020209,0.37834674,0.00060978625,0.37773696,0.7230594,0.62593263,0.09712678
pair_05_direction_2_candidate_28,dog,bird,7706,1568,results\cue_conflicts\candidates\pair_05_direction_2_candidate_28.png,0.45120022,0.421648,0.029552221,0.65974677,0.12482658,0.5349202,0.6903878,0.7329051,-0.042517304
pair_05_direction_2_candidate_30,dog,bird,2807,116,results\cue_conflicts\candidates\pair_05_direction_2_candidate_30.png,0.39661723,0.4313255,-0.03470826,0.21827276,0.13614026,0.0821325,0.7650722,0.7828916,-0.017819345
pair_04_direction_2_candidate_01,horse,truck,1667,5508,results\cue_conflicts\candidates\pair_04_direction_2_candidate_01.png,0.20789106,0.13616669,0.07172437,0.12203065,0.08770218,0.034328476,0.6708848,0.550845,0.12003976
pair_04_direction_2_candidate_04,horse,truck,964,5301,results\cue_conflicts\candidates\pair_04_direction_2_candidate_04.png,0.6757519,0.18491542,0.4908365,0.5382748,0.0771495,0.4611253,0.80372506,0.5420665,0.26165855
pair_04_direction_2_candidate_06,horse,truck,4011,3318,results\cue_conflicts\candidates\pair_04_direction_2_candidate_06.png,0.42142308,0.30519333,0.11622974,0.38991925,-0.0034785997,0.39339784,0.8280871,0.6061622,0.2219249
pair_04_direction_2_candidate_08,horse,truck,3962,6931,results\cue_conflicts\candidates\pair_04_direction_2_candidate_08.png,0.32426602,0.28549317,0.03877285,0.2313248,-0.0030721948,0.234397,0.77093804,0.55219436,0.21874368
pair_04_direction_2_candidate_09,horse,truck,7726,5915,results\cue_conflicts\candidates\pair_04_direction_2_candidate_09.png,0.5706969,0.3586066,0.21209028,0.55427665,0.13904342,0.41523322,0.7964501,0.57835704,0.21809304
pair_04_direction_2_candidate_11,horse,truck,4754,5851,results\cue_conflicts\candidates\pair_04_direction_2_candidate_11.png,0.3677211,0.10496519,0.26275593,0.29594913,0.02695876,0.26899037,0.7878206,0.57107943,0.21674114
pair_04_direction_2_candidate_12,horse,truck,2003,4723,results\cue_conflicts\candidates\pair_04_direction_2_candidate_12.png,0.3714371,0.27178073,0.09965637,0.42831603,0.10105255,0.32726347,0.8518544,0.5916929,0.26016146
pair_04_direction_2_candidate_13,horse,truck,977,2114,results\cue_conflicts\candidates\pair_04_direction_2_candidate_13.png,0.3462825,0.1770765,0.16920601,0.41039184,0.07839407,0.33199775,0.79885936,0.61025286,0.1886065
pair_04_direction_2_candidate_14,horse,truck,4411,852,results\cue_conflicts\candidates\pair_04_direction_2_candidate_14.png,0.4855162,0.21456547,0.27095073,0.29881805,0.0409886,0.25782946,0.77522826,0.6215106,0.15371764
pair_04_direction_2_candidate_16,horse,truck,929,131,results\cue_conflicts\candidates\pair_04_direction_2_candidate_16.png,0.5117743,0.22863369,0.2831406,0.5861071,0.007722089,0.578385,0.7491212,0.6100944,0.13902676
pair_04_direction_2_candidate_18,horse,truck,5729,5452,results\cue_conflicts\candidates\pair_04_direction_2_candidate_18.png,0.3886969,0.22995836,0.15873855,0.24425751,0.0051095206,0.23914799,0.7164085,0.684912,0.031496465
pair_04_direction_2_candidate_21,horse,truck,3779,2062,results\cue_conflicts\candidates\pair_04_direction_2_candidate_21.png,0.34915623,0.21123782,0.13791841,0.1781459,0.10042231,0.07772359,0.69344234,0.62870383,0.06473851
pair_04_direction_2_candidate_22,horse,truck,5857,7266,results\cue_conflicts\candidates\pair_04_direction_2_candidate_22.png,0.57018656,0.26309738,0.30708918,0.5031022,0.040373754,0.46272844,0.8009057,0.6405815,0.16032422
pair_04_direction_2_candidate_24,horse,truck,4746,5788,results\cue_conflicts\candidates\pair_04_direction_2_candidate_24.png,0.220589,0.25996515,-0.039376155,0.113668784,0.03618329,0.077485494,0.65241784,0.53565603,0.1167618
pair_04_direction_2_candidate_25,horse,truck,3292,5360,results\cue_conflicts\candidates\pair_04_direction_2_candidate_25.png,0.51905644,0.26932615,0.24973029,0.45914954,0.043665223,0.4154843,0.58358926,0.5954193,-0.011830032
pair_04_direction_2_candidate_26,horse,truck,2958,303,results\cue_conflicts\candidates\pair_04_direction_2_candidate_26.png,0.6831041,0.24144702,0.44165707,0.8428347,0.06832951,0.7745052,0.86659074,0.63647175,0.23011899
pair_04_direction_2_candidate_27,horse,truck,7781,1468,results\cue_conflicts\candidates\pair_04_direction_2_candidate_27.png,0.4567306,0.14339781,0.3133328,0.31535372,0.0640318,0.2513219,0.75804096,0.5855935,0.17244744
pair_04_direction_2_candidate_28,horse,truck,4254,2167,results\cue_conflicts\candidates\pair_04_direction_2_candidate_28.png,0.60742325,0.301739,0.30568424,0.44608086,0.076413035,0.36966783,0.8413811,0.53459615,0.30678493
pair_04_direction_2_candidate_29,horse,truck,873,5590,results\cue_conflicts\candidates\pair_04_direction_2_candidate_29.png,0.6315053,0.13711327,0.49439204,0.5166306,0.11739306,0.3992375,0.8514812,0.5581301,0.2933511
pair_04_direction_2_candidate_30,horse,truck,4827,805,results\cue_conflicts\candidates\pair_04_direction_2_candidate_30.png,0.42810166,0.35194248,0.07615918,0.33699995,0.025674146,0.31132582,0.85155755,0.53502494,0.3165326
pair_01_direction_2_candidate_01,monkey,airplane,4403,3965,results\cue_conflicts\candidates\pair_01_direction_2_candidate_01.png,0.074104264,0.11412415,-0.040019885,-0.018454794,0.08906792,-0.10752271,0.63413787,0.632128,0.0020098686
pair_01_direction_2_candidate_02,monkey,airplane,4704,7465,results\cue_conflicts\candidates\pair_01_direction_2_candidate_02.png,0.09068509,0.17893521,-0.08825012,-0.0143458685,0.09513276,-0.10947863,0.67822737,0.61038154,0.06784582
pair_01_direction_2_candidate_04,monkey,airplane,3288,484,results\cue_conflicts\candidates\pair_01_direction_2_candidate_04.png,0.23951782,0.33191875,-0.09240092,0.5452459,0.26645118,0.2787947,0.6539127,0.53849965,0.11541307
pair_01_direction_2_candidate_05,monkey,airplane,5848,5478,results\cue_conflicts\candidates\pair_01_direction_2_candidate_05.png,0.095797785,0.2777694,-0.18197161,0.27238646,0.09771315,0.17467332,0.6348618,0.62085277,0.0140090585
pair_01_direction_2_candidate_06,monkey,airplane,5436,3347,results\cue_conflicts\candidates\pair_01_direction_2_candidate_06.png,0.2936323,0.19614539,0.09748691,0.38988864,0.088595495,0.30129313,0.73311263,0.64146245,0.09165019
pair_01_direction_2_candidate_07,monkey,airplane,3867,7373,results\cue_conflicts\candidates\pair_01_direction_2_candidate_07.png,0.13547824,0.17284183,-0.03736359,0.07572757,0.16831125,-0.092583686,0.6055888,0.5109003,0.094688475
pair_01_direction_2_candidate_08,monkey,airplane,269,7320,results\cue_conflicts\candidates\pair_01_direction_2_candidate_08.png,0.4430209,0.12342699,0.3195939,0.2599542,0.020821735,0.23913248,0.74340296,0.6348187,0.108584285
pair_01_direction_2_candidate_10,monkey,airplane,2854,1389,results\cue_conflicts\candidates\pair_01_direction_2_candidate_10.png,0.14864127,0.28385416,-0.13521288,0.0058019757,0.17390299,-0.16810101,0.6348724,0.5950175,0.039854884
pair_01_direction_2_candidate_11,monkey,airplane,3467,3,results\cue_conflicts\candidates\pair_01_direction_2_candidate_11.png,0.21300477,0.18859188,0.024412885,0.09746797,0.11681715,-0.01934918,0.69720495,0.4233814,0.27382356
pair_01_direction_2_candidate_12,monkey,airplane,7835,5918,results\cue_conflicts\candidates\pair_01_direction_2_candidate_12.png,0.24519329,0.20123646,0.04395683,0.21194874,0.12283145,0.08911729,0.62437665,0.6074503,0.016926348
pair_01_direction_2_candidate_13,monkey,airplane,6726,7009,results\cue_conflicts\candidates\pair_01_direction_2_candidate_13.png,0.1623233,0.2219453,-0.059622005,0.03469705,0.21962002,-0.18492296,0.60262835,0.5778697,0.024758637
pair_01_direction_2_candidate_14,monkey,airplane,1048,6844,results\cue_conflicts\candidates\pair_01_direction_2_candidate_14.png,0.11295336,0.18467665,-0.07172329,0.06744952,0.01255484,0.05489468,0.6408101,0.5840175,0.056792557
pair_01_direction_2_candidate_15,monkey,airplane,323,1596,results\cue_conflicts\candidates\pair_01_direction_2_candidate_15.png,0.33294618,0.1594635,0.17348269,0.24778089,0.062763825,0.18501706,0.61946344,0.52131516,0.09814829
pair_01_direction_2_candidate_18,monkey,airplane,3542,4893,results\cue_conflicts\candidates\pair_01_direction_2_candidate_18.png,0.34922045,0.15290792,0.19631253,0.33722645,0.026723325,0.31050313,0.721643,0.5622352,0.1594078
pair_01_direction_2_candidate_19,monkey,airplane,370,5999,results\cue_conflicts\candidates\pair_01_direction_2_candidate_19.png,0.13576415,0.15557697,-0.019812822,0.1140695,0.0119942725,0.10207523,0.69084805,0.6283042,0.06254387
pair_01_direction_2_candidate_21,monkey,airplane,1579,4130,results\cue_conflicts\candidates\pair_01_direction_2_candidate_21.png,0.25249314,0.18125008,0.07124306,0.055665612,0.047291804,0.008373808,0.7028507,0.48259985,0.22025084
pair_01_direction_2_candidate_23,monkey,airplane,3404,3437,results\cue_conflicts\candidates\pair_01_direction_2_candidate_23.png,0.5360447,0.2176167,0.318428,0.72187775,0.029445669,0.6924321,0.79126024,0.5312125,0.26004773
pair_01_direction_2_candidate_24,monkey,airplane,7081,1648,results\cue_conflicts\candidates\pair_01_direction_2_candidate_24.png,0.17109662,0.114490755,0.056605868,0.19509909,0.059932176,0.13516691,0.663656,0.6740534,-0.010397375
pair_01_direction_2_candidate_29,monkey,airplane,2746,4539,results\cue_conflicts\candidates\pair_01_direction_2_candidate_29.png,0.07605766,0.13618693,-0.06012927,-0.009562137,0.09622715,-0.10578928,0.67376333,0.67172474,0.002038598
pair_01_direction_2_candidate_30,monkey,airplane,3153,4675,results\cue_conflicts\candidates\pair_01_direction_2_candidate_30.png,0.17881846,0.11512954,0.06368893,0.2780615,0.12735194,0.15070957,0.68296564,0.69464463,-0.011678994
pair_03_direction_1_candidate_01,ship,cat,5451,3562,results\cue_conflicts\candidates\pair_03_direction_1_candidate_01.png,0.43462873,0.15270863,0.28192008,0.40627736,-0.0086159585,0.41489333,0.7854874,0.59936947,0.18611795
pair_03_direction_1_candidate_02,ship,cat,706,1531,results\cue_conflicts\candidates\pair_03_direction_1_candidate_02.png,0.4192415,0.1179143,0.3013272,0.38731056,-0.031530533,0.4188411,0.81064737,0.64106584,0.16958153
pair_03_direction_1_candidate_03,ship,cat,1640,4323,results\cue_conflicts\candidates\pair_03_direction_1_candidate_03.png,0.51207983,0.25021026,0.26186958,0.5302429,0.0087023005,0.52154064,0.7603921,0.6149642,0.14542794
pair_03_direction_1_candidate_07,ship,cat,7818,1401,results\cue_conflicts\candidates\pair_03_direction_1_candidate_07.png,0.42547628,0.10867457,0.31680173,0.122238964,0.14574799,-0.023509026,0.7750167,0.6741302,0.10088652
pair_03_direction_1_candidate_09,ship,cat,5000,4590,results\cue_conflicts\candidates\pair_03_direction_1_candidate_09.png,0.104848534,0.15116921,-0.046320677,0.04185342,0.09111401,-0.049260587,0.6648352,0.7420661,-0.07723087
pair_03_direction_1_candidate_10,ship,cat,3015,3778,results\cue_conflicts\candidates\pair_03_direction_1_candidate_10.png,0.29563138,0.11616217,0.1794692,0.43303818,0.054204628,0.37883353,0.65172076,0.70127827,-0.049557507
pair_03_direction_1_candidate_11,ship,cat,1954,7797,results\cue_conflicts\candidates\pair_03_direction_1_candidate_11.png,0.44565383,0.15282683,0.292827,0.4934727,0.05828656,0.43518615,0.76201904,0.6075372,0.15448183
pair_03_direction_1_candidate_12,ship,cat,2191,4881,results\cue_conflicts\candidates\pair_03_direction_1_candidate_12.png,0.10402703,0.2239198,-0.11989276,0.087833054,0.12338969,-0.035556637,0.6164736,0.6489648,-0.032491207
pair_03_direction_1_candidate_13,ship,cat,3948,3383,results\cue_conflicts\candidates\pair_03_direction_1_candidate_13.png,0.34876192,0.25429782,0.09446409,0.27904832,0.059594512,0.21945381,0.6753288,0.59639853,0.07893026
pair_03_direction_1_candidate_16,ship,cat,2109,4229,results\cue_conflicts\candidates\pair_03_direction_1_candidate_16.png,0.11234648,0.17363167,-0.06128519,0.16123427,0.061810203,0.09942407,0.6290476,0.57606,0.052987576
pair_03_direction_1_candidate_17,ship,cat,4242,3851,results\cue_conflicts\candidates\pair_03_direction_1_candidate_17.png,0.40876162,0.14838077,0.26038086,0.47400582,0.0065351706,0.46747065,0.6389522,0.5469234,0.0920288
pair_03_direction_1_candidate_20,ship,cat,4552,1204,results\cue_conflicts\candidates\pair_03_direction_1_candidate_20.png,0.32077497,0.19706357,0.12371141,0.043635778,0.04109605,0.0025397278,0.67089957,0.60747254,0.06342703
pair_03_direction_1_candidate_21,ship,cat,4069,4821,results\cue_conflicts\candidates\pair_03_direction_1_candidate_21.png,0.1823401,0.15995891,0.022381186,0.26374292,0.06368884,0.20005408,0.6957546,0.6131432,0.08261138
pair_03_direction_1_candidate_22,ship,cat,2230,7793,results\cue_conflicts\candidates\pair_03_direction_1_candidate_22.png,0.12753199,0.11339693,0.014135063,0.15042678,-0.08575131,0.23617809,0.5700561,0.547784,0.02227211
pair_03_direction_1_candidate_24,ship,cat,5705,2861,results\cue_conflicts\candidates\pair_03_direction_1_candidate_24.png,0.19707781,0.1974746,-0.00039678812,0.12741098,0.030958561,0.096452415,0.745694,0.61110044,0.13459355
pair_03_direction_1_candidate_26,ship,cat,5694,1431,results\cue_conflicts\candidates\pair_03_direction_1_candidate_26.png,0.19623202,0.20857315,-0.012341127,0.2199545,-0.00087179383,0.2208263,0.64678544,0.69300336,-0.04621792
pair_03_direction_1_candidate_27,ship,cat,667,3375,results\cue_conflicts\candidates\pair_03_direction_1_candidate_27.png,0.2095055,0.105852224,0.103653274,0.18687597,-0.094715714,0.28159168,0.5705148,0.67017853,-0.099663734
pair_03_direction_1_candidate_28,ship,cat,2745,4609,results\cue_conflicts\candidates\pair_03_direction_1_candidate_28.png,0.28038418,0.29969823,-0.01931405,0.33571017,0.0068871686,0.328823,0.77901304,0.57352096,0.20549208
pair_03_direction_1_candidate_29,ship,cat,3412,672,results\cue_conflicts\candidates\pair_03_direction_1_candidate_29.png,0.23147956,0.29032475,-0.058845192,0.20415589,0.084091,0.12006489,0.4712205,0.69417447,-0.22295398
pair_03_direction_1_candidate_30,ship,cat,739,677,results\cue_conflicts\candidates\pair_03_direction_1_candidate_30.png,0.28013802,0.19978166,0.08035636,0.24570625,-0.007647766,0.253354,0.72547877,0.6531814,0.072297394
pair_04_direction_1_candidate_01,truck,horse,1022,977,results\cue_conflicts\candidates\pair_04_direction_1_candidate_01.png,0.55986935,0.19236964,0.3674997,0.56091225,0.13799939,0.42291287,0.7470754,0.65766084,0.08941454
pair_04_direction_1_candidate_02,truck,horse,239,4620,results\cue_conflicts\candidates\pair_04_direction_1_candidate_02.png,0.6515312,0.18488903,0.4666422,0.6121143,0.018900588,0.59321374,0.77718556,0.5588928,0.21829277
pair_04_direction_1_candidate_06,truck,horse,3942,7108,results\cue_conflicts\candidates\pair_04_direction_1_candidate_06.png,0.4835899,0.20105809,0.2825318,0.6784861,0.07408363,0.6044025,0.8204374,0.61585885,0.20457852
pair_04_direction_1_candidate_09,truck,horse,1654,2958,results\cue_conflicts\candidates\pair_04_direction_1_candidate_09.png,0.52014875,0.16768488,0.35246387,0.46706742,0.013080687,0.45398673,0.7413622,0.62475806,0.11660415
pair_04_direction_1_candidate_10,truck,horse,303,5857,results\cue_conflicts\candidates\pair_04_direction_1_candidate_10.png,0.30096328,0.24873742,0.052225858,0.5580329,0.031492457,0.5265404,0.8155246,0.67926675,0.13625783
pair_04_direction_1_candidate_11,truck,horse,5284,2676,results\cue_conflicts\candidates\pair_04_direction_1_candidate_11.png,0.40065324,0.312135,0.08851823,0.5063703,0.29053482,0.21583548,0.8205372,0.6564454,0.16409183
pair_04_direction_1_candidate_12,truck,horse,2167,4827,results\cue_conflicts\candidates\pair_04_direction_1_candidate_12.png,0.5264631,0.3044246,0.22203848,0.51510406,0.1661802,0.34892386,0.70592064,0.5548822,0.15103841
pair_04_direction_1_candidate_14,truck,horse,5590,1534,results\cue_conflicts\candidates\pair_04_direction_1_candidate_14.png,0.42228243,0.26589656,0.15638587,0.27431697,0.05953666,0.2147803,0.69602716,0.7108924,-0.01486522
pair_04_direction_1_candidate_16,truck,horse,2655,920,results\cue_conflicts\candidates\pair_04_direction_1_candidate_16.png,0.4924793,0.16362979,0.3288495,0.38366282,0.11592148,0.26774132,0.78002936,0.6036181,0.17641127
pair_04_direction_1_candidate_18,truck,horse,5447,5729,results\cue_conflicts\candidates\pair_04_direction_1_candidate_18.png,0.3800029,0.23938708,0.1406158,0.6227211,0.11818585,0.5045352,0.78175503,0.7099128,0.07184225
pair_04_direction_1_candidate_19,truck,horse,2414,7996,results\cue_conflicts\candidates\pair_04_direction_1_candidate_19.png,0.16611046,0.09882059,0.06728987,0.22813764,0.013030571,0.21510707,0.59767365,0.67693657,-0.07926291
pair_04_direction_1_candidate_20,truck,horse,2062,7726,results\cue_conflicts\candidates\pair_04_direction_1_candidate_20.png,0.3444555,0.1789511,0.16550441,0.5660728,0.09323427,0.47283855,0.73921466,0.6467305,0.092484176
pair_04_direction_1_candidate_21,truck,horse,1836,3292,results\cue_conflicts\candidates\pair_04_direction_1_candidate_21.png,0.31035572,0.23063804,0.07971768,0.3303842,0.046381284,0.2840029,0.72110176,0.5390207,0.18208104
pair_04_direction_1_candidate_22,truck,horse,4094,873,results\cue_conflicts\candidates\pair_04_direction_1_candidate_22.png,0.44255525,0.12214843,0.32040682,0.36511204,0.017638061,0.34747398,0.7314513,0.63703436,0.09441692
pair_04_direction_1_candidate_23,truck,horse,5508,449,results\cue_conflicts\candidates\pair_04_direction_1_candidate_23.png,0.22445074,0.19211298,0.032337755,0.44466442,0.07696904,0.3676954,0.64963305,0.5808568,0.06877625
pair_04_direction_1_candidate_24,truck,horse,7380,3844,results\cue_conflicts\candidates\pair_04_direction_1_candidate_24.png,0.36454183,0.27624577,0.088296056,0.66500294,0.09791977,0.5670832,0.82381314,0.59684217,0.22697097
pair_04_direction_1_candidate_25,truck,horse,6931,4093,results\cue_conflicts\candidates\pair_04_direction_1_candidate_25.png,0.2821554,0.32012177,-0.03796637,0.14302367,0.15948708,-0.016463414,0.67865425,0.6072133,0.071440935
pair_04_direction_1_candidate_27,truck,horse,5851,4746,results\cue_conflicts\candidates\pair_04_direction_1_candidate_27.png,0.20022655,0.15008606,0.050140485,0.32817048,0.025797388,0.30237308,0.69246715,0.642624,0.049843132
pair_04_direction_1_candidate_28,truck,horse,4723,5382,results\cue_conflicts\candidates\pair_04_direction_1_candidate_28.png,0.50789493,0.2819223,0.22597262,0.4328534,0.034229673,0.39862373,0.74054146,0.6228662,0.117675245
pair_04_direction_1_candidate_30,truck,horse,1430,7338,results\cue_conflicts\candidates\pair_04_direction_1_candidate_30.png,0.622976,0.21862772,0.40434828,0.48513848,0.05673527,0.4284032,0.8553642,0.68711126,0.16825294
