conflict_id,pair_number,direction_number,content_class,content_label,content_id,style_class,style_label,style_id,style_strength,output_path,review_status,rejection_reason,content_preview_path,style_preview_path,stylized_preview_path,accepted,cue_conflict_index
pair_01_direction_1_candidate_01,1,1,airplane,0,5918,monkey,7,5450,0.8,results\cue_conflicts\candidates\pair_01_direction_1_candidate_01.png,pending,,results\cue_conflicts\review_thumbnails\content\pair_01_direction_1_candidate_01.png,results\cue_conflicts\review_thumbnails\style\pair_01_direction_1_candidate_01.png,results\cue_conflicts\review_thumbnails\stylized\pair_01_direction_1_candidate_01.png,True,0
pair_01_direction_1_candidate_02,1,1,airplane,0,7373,monkey,7,2668,0.8,results\cue_conflicts\candidates\pair_01_direction_1_candidate_02.png,pending,,results\cue_conflicts\review_thumbnails\content\pair_01_direction_1_candidate_02.png,results\cue_conflicts\review_thumbnails\style\pair_01_direction_1_candidate_02.png,results\cue_conflicts\review_thumbnails\stylized\pair_01_direction_1_candidate_02.png,True,1
pair_01_direction_1_candidate_04,1,1,airplane,0,3025,monkey,7,7270,0.8,results\cue_conflicts\candidates\pair_01_direction_1_candidate_04.png,pending,,results\cue_conflicts\review_thumbnails\content\pair_01_direction_1_candidate_04.png,results\cue_conflicts\review_thumbnails\style\pair_01_direction_1_candidate_04.png,results\cue_conflicts\review_thumbnails\stylized\pair_01_direction_1_candidate_04.png,True,2
pair_01_direction_1_candidate_05,1,1,airplane,0,42,monkey,7,5719,0.8,results\cue_conflicts\candidates\pair_01_direction_1_candidate_05.png,pending,,results\cue_conflicts\review_thumbnails\content\pair_01_direction_1_candidate_05.png,results\cue_conflicts\review_thumbnails\style\pair_01_direction_1_candidate_05.png,results\cue_conflicts\review_thumbnails\stylized\pair_01_direction_1_candidate_05.png,True,3
pair_01_direction_1_candidate_08,1,1,airplane,0,4130,monkey,7,1884,0.8,results\cue_conflicts\candidates\pair_01_direction_1_candidate_08.png,pending,,results\cue_conflicts\review_thumbnails\content\pair_01_direction_1_candidate_08.png,results\cue_conflicts\review_thumbnails\style\pair_01_direction_1_candidate_08.png,results\cue_conflicts\review_thumbnails\stylized\pair_01_direction_1_candidate_08.png,True,4
pair_01_direction_1_candidate_10,1,1,airplane,0,1596,monkey,7,1956,0.8,results\cue_conflicts\candidates\pair_01_direction_1_candidate_10.png,pending,,results\cue_conflicts\review_thumbnails\content\pair_01_direction_1_candidate_10.png,results\cue_conflicts\review_thumbnails\style\pair_01_direction_1_candidate_10.png,results\cue_conflicts\review_thumbnails\stylized\pair_01_direction_1_candidate_10.png,True,5
pair_01_direction_1_candidate_11,1,1,airplane,0,7634,monkey,7,5848,0.8,results\cue_conflicts\candidates\pair_01_direction_1_candidate_11.png,pending,,results\cue_conflicts\review_thumbnails\content\pair_01_direction_1_candidate_11.png,results\cue_conflicts\review_thumbnails\style\pair_01_direction_1_candidate_11.png,results\cue_conflicts\review_thumbnails\stylized\pair_01_direction_1_candidate_11.png,True,6
pair_01_direction_1_candidate_14,1,1,airplane,0,3083,monkey,7,4236,0.8,results\cue_conflicts\candidates\pair_01_direction_1_candidate_14.png,pending,,results\cue_conflicts\review_thumbnails\content\pair_01_direction_1_candidate_14.png,results\cue_conflicts\review_thumbnails\style\pair_01_direction_1_candidate_14.png,results\cue_conflicts\review_thumbnails\stylized\pair_01_direction_1_candidate_14.png,True,7
pair_01_direction_1_candidate_15,1,1,airplane,0,5117,monkey,7,6650,0.8,results\cue_conflicts\candidates\pair_01_direction_1_candidate_15.png,pending,,results\cue_conflicts\review_thumbnails\content\pair_01_direction_1_candidate_15.png,results\cue_conflicts\review_thumbnails\style\pair_01_direction_1_candidate_15.png,results\cue_conflicts\review_thumbnails\stylized\pair_01_direction_1_candidate_15.png,True,8
pair_01_direction_1_candidate_16,1,1,airplane,0,1389,monkey,7,1473,0.8,results\cue_conflicts\candidates\pair_01_direction_1_candidate_16.png,pending,,results\cue_conflicts\review_thumbnails\content\pair_01_direction_1_candidate_16.png,results\cue_conflicts\review_thumbnails\style\pair_01_direction_1_candidate_16.png,results\cue_conflicts\review_thumbnails\stylized\pair_01_direction_1_candidate_16.png,True,9
pair_01_direction_1_candidate_17,1,1,airplane,0,3876,monkey,7,3446,0.8,results\cue_conflicts\candidates\pair_01_direction_1_candidate_17.png,pending,,results\cue_conflicts\review_thumbnails\content\pair_01_direction_1_candidate_17.png,results\cue_conflicts\review_thumbnails\style\pair_01_direction_1_candidate_17.png,results\cue_conflicts\review_thumbnails\stylized\pair_01_direction_1_candidate_17.png,True,10
pair_01_direction_1_candidate_18,1,1,airplane,0,6455,monkey,7,2854,0.8,results\cue_conflicts\candidates\pair_01_direction_1_candidate_18.png,pending,,results\cue_conflicts\review_thumbnails\content\pair_01_direction_1_candidate_18.png,results\cue_conflicts\review_thumbnails\style\pair_01_direction_1_candidate_18.png,results\cue_conflicts\review_thumbnails\stylized\pair_01_direction_1_candidate_18.png,True,11
pair_01_direction_1_candidate_19,1,1,airplane,0,6844,monkey,7,1048,0.8,results\cue_conflicts\candidates\pair_01_direction_1_candidate_19.png,pending,,results\cue_conflicts\review_thumbnails\content\pair_01_direction_1_candidate_19.png,results\cue_conflicts\review_thumbnails\style\pair_01_direction_1_candidate_19.png,results\cue_conflicts\review_thumbnails\stylized\pair_01_direction_1_candidate_19.png,True,12
pair_01_direction_1_candidate_20,1,1,airplane,0,7150,monkey,7,4661,0.8,results\cue_conflicts\candidates\pair_01_direction_1_candidate_20.png,pending,,results\cue_conflicts\review_thumbnails\content\pair_01_direction_1_candidate_20.png,results\cue_conflicts\review_thumbnails\style\pair_01_direction_1_candidate_20.png,results\cue_conflicts\review_thumbnails\stylized\pair_01_direction_1_candidate_20.png,True,13
pair_01_direction_1_candidate_21,1,1,airplane,0,5912,monkey,7,323,0.8,results\cue_conflicts\candidates\pair_01_direction_1_candidate_21.png,pending,,results\cue_conflicts\review_thumbnails\content\pair_01_direction_1_candidate_21.png,results\cue_conflicts\review_thumbnails\style\pair_01_direction_1_candidate_21.png,results\cue_conflicts\review_thumbnails\stylized\pair_01_direction_1_candidate_21.png,True,14
pair_01_direction_1_candidate_23,1,1,airplane,0,5999,monkey,7,6726,0.8,results\cue_conflicts\candidates\pair_01_direction_1_candidate_23.png,pending,,results\cue_conflicts\review_thumbnails\content\pair_01_direction_1_candidate_23.png,results\cue_conflicts\review_thumbnails\style\pair_01_direction_1_candidate_23.png,results\cue_conflicts\review_thumbnails\stylized\pair_01_direction_1_candidate_23.png,True,15
pair_01_direction_1_candidate_27,1,1,airplane,0,2888,monkey,7,2746,0.8,results\cue_conflicts\candidates\pair_01_direction_1_candidate_27.png,pending,,results\cue_conflicts\review_thumbnails\content\pair_01_direction_1_candidate_27.png,results\cue_conflicts\review_thumbnails\style\pair_01_direction_1_candidate_27.png,results\cue_conflicts\review_thumbnails\stylized\pair_01_direction_1_candidate_27.png,True,16
pair_01_direction_1_candidate_28,1,1,airplane,0,7262,monkey,7,1287,0.8,results\cue_conflicts\candidates\pair_01_direction_1_candidate_28.png,pending,,results\cue_conflicts\review_thumbnails\content\pair_01_direction_1_candidate_28.png,results\cue_conflicts\review_thumbnails\style\pair_01_direction_1_candidate_28.png,results\cue_conflicts\review_thumbnails\stylized\pair_01_direction_1_candidate_28.png,True,17
pair_01_direction_1_candidate_29,1,1,airplane,0,2242,monkey,7,5436,0.8,results\cue_conflicts\candidates\pair_01_direction_1_candidate_29.png,pending,,results\cue_conflicts\review_thumbnails\content\pair_01_direction_1_candidate_29.png,results\cue_conflicts\review_thumbnails\style\pair_01_direction_1_candidate_29.png,results\cue_conflicts\review_thumbnails\stylized\pair_01_direction_1_candidate_29.png,True,18
pair_01_direction_1_candidate_30,1,1,airplane,0,4539,monkey,7,370,0.8,results\cue_conflicts\candidates\pair_01_direction_1_candidate_30.png,pending,,results\cue_conflicts\review_thumbnails\content\pair_01_direction_1_candidate_30.png,results\cue_conflicts\review_thumbnails\style\pair_01_direction_1_candidate_30.png,results\cue_conflicts\review_thumbnails\stylized\pair_01_direction_1_candidate_30.png,True,19
pair_05_direction_1_candidate_01,5,1,bird,1,1993,dog,5,4106,0.8,results\cue_conflicts\candidates\pair_05_direction_1_candidate_01.png,pending,,results\cue_conflicts\review_thumbnails\content\pair_05_direction_1_candidate_01.png,results\cue_conflicts\review_thumbnails\style\pair_05_direction_1_candidate_01.png,results\cue_conflicts\review_thumbnails\stylized\pair_05_direction_1_candidate_01.png,True,20
pair_05_direction_1_candidate_03,5,1,bird,1,5488,dog,5,4547,0.8,results\cue_conflicts\candidates\pair_05_direction_1_candidate_03.png,pending,,results\cue_conflicts\review_thumbnails\content\pair_05_direction_1_candidate_03.png,results\cue_conflicts\review_thumbnails\style\pair_05_direction_1_candidate_03.png,results\cue_conflicts\review_thumbnails\stylized\pair_05_direction_1_candidate_03.png,True,21
pair_05_direction_1_candidate_05,5,1,bird,1,2178,dog,5,4570,0.8,results\cue_conflicts\candidates\pair_05_direction_1_candidate_05.png,pending,,results\cue_conflicts\review_thumbnails\content\pair_05_direction_1_candidate_05.png,results\cue_conflicts\review_thumbnails\style\pair_05_direction_1_candidate_05.png,results\cue_conflicts\review_thumbnails\stylized\pair_05_direction_1_candidate_05.png,True,22
pair_05_direction_1_candidate_06,5,1,bird,1,7390,dog,5,1877,0.8,results\cue_conflicts\candidates\pair_05_direction_1_candidate_06.png,pending,,results\cue_conflicts\review_thumbnails\content\pair_05_direction_1_candidate_06.png,results\cue_conflicts\review_thumbnails\style\pair_05_direction_1_candidate_06.png,results\cue_conflicts\review_thumbnails\stylized\pair_05_direction_1_candidate_06.png,True,23
pair_05_direction_1_candidate_07,5,1,bird,1,3550,dog,5,378,0.8,results\cue_conflicts\candidates\pair_05_direction_1_candidate_07.png,pending,,results\cue_conflicts\review_thumbnails\content\pair_05_direction_1_candidate_07.png,results\cue_conflicts\review_thumbnails\style\pair_05_direction_1_candidate_07.png,results\cue_conflicts\review_thumbnails\stylized\pair_05_direction_1_candidate_07.png,True,24
pair_05_direction_1_candidate_08,5,1,bird,1,1871,dog,5,568,0.8,results\cue_conflicts\candidates\pair_05_direction_1_candidate_08.png,pending,,results\cue_conflicts\review_thumbnails\content\pair_05_direction_1_candidate_08.png,results\cue_conflicts\review_thumbnails\style\pair_05_direction_1_candidate_08.png,results\cue_conflicts\review_thumbnails\stylized\pair_05_direction_1_candidate_08.png,True,25
pair_05_direction_1_candidate_09,5,1,bird,1,3491,dog,5,5381,0.8,results\cue_conflicts\candidates\pair_05_direction_1_candidate_09.png,pending,,results\cue_conflicts\review_thumbnails\content\pair_05_direction_1_candidate_09.png,results\cue_conflicts\review_thumbnails\style\pair_05_direction_1_candidate_09.png,results\cue_conflicts\review_thumbnails\stylized\pair_05_direction_1_candidate_09.png,True,26
pair_05_direction_1_candidate_12,5,1,bird,1,5256,dog,5,2427,0.8,results\cue_conflicts\candidates\pair_05_direction_1_candidate_12.png,pending,,results\cue_conflicts\review_thumbnails\content\pair_05_direction_1_candidate_12.png,results\cue_conflicts\review_thumbnails\style\pair_05_direction_1_candidate_12.png,results\cue_conflicts\review_thumbnails\stylized\pair_05_direction_1_candidate_12.png,True,27
pair_05_direction_1_candidate_13,5,1,bird,1,5092,dog,5,2334,0.8,results\cue_conflicts\candidates\pair_05_direction_1_candidate_13.png,pending,,results\cue_conflicts\review_thumbnails\content\pair_05_direction_1_candidate_13.png,results\cue_conflicts\review_thumbnails\style\pair_05_direction_1_candidate_13.png,results\cue_conflicts\review_thumbnails\stylized\pair_05_direction_1_candidate_13.png,True,28
pair_05_direction_1_candidate_15,5,1,bird,1,1230,dog,5,319,0.8,results\cue_conflicts\candidates\pair_05_direction_1_candidate_15.png,pending,,results\cue_conflicts\review_thumbnails\content\pair_05_direction_1_candidate_15.png,results\cue_conflicts\review_thumbnails\style\pair_05_direction_1_candidate_15.png,results\cue_conflicts\review_thumbnails\stylized\pair_05_direction_1_candidate_15.png,True,29
pair_05_direction_1_candidate_17,5,1,bird,1,6805,dog,5,2623,0.8,results\cue_conflicts\candidates\pair_05_direction_1_candidate_17.png,pending,,results\cue_conflicts\review_thumbnails\content\pair_05_direction_1_candidate_17.png,results\cue_conflicts\review_thumbnails\style\pair_05_direction_1_candidate_17.png,results\cue_conflicts\review_thumbnails\stylized\pair_05_direction_1_candidate_17.png,True,30
pair_05_direction_1_candidate_18,5,1,bird,1,6169,dog,5,1644,0.8,results\cue_conflicts\candidates\pair_05_direction_1_candidate_18.png,pending,,results\cue_conflicts\review_thumbnails\content\pair_05_direction_1_candidate_18.png,results\cue_conflicts\review_thumbnails\style\pair_05_direction_1_candidate_18.png,results\cue_conflicts\review_thumbnails\stylized\pair_05_direction_1_candidate_18.png,True,31
pair_05_direction_1_candidate_20,5,1,bird,1,1852,dog,5,2458,0.8,results\cue_conflicts\candidates\pair_05_direction_1_candidate_20.png,pending,,results\cue_conflicts\review_thumbnails\content\pair_05_direction_1_candidate_20.png,results\cue_conflicts\review_thumbnails\style\pair_05_direction_1_candidate_20.png,results\cue_conflicts\review_thumbnails\stylized\pair_05_direction_1_candidate_20.png,True,32
pair_05_direction_1_candidate_21,5,1,bird,1,1115,dog,5,6989,0.8,results\cue_conflicts\candidates\pair_05_direction_1_candidate_21.png,pending,,results\cue_conflicts\review_thumbnails\content\pair_05_direction_1_candidate_21.png,results\cue_conflicts\review_thumbnails\style\pair_05_direction_1_candidate_21.png,results\cue_conflicts\review_thumbnails\stylized\pair_05_direction_1_candidate_21.png,True,33
pair_05_direction_1_candidate_22,5,1,bird,1,1986,dog,5,4953,0.8,results\cue_conflicts\candidates\pair_05_direction_1_candidate_22.png,pending,,results\cue_conflicts\review_thumbnails\content\pair_05_direction_1_candidate_22.png,results\cue_conflicts\review_thumbnails\style\pair_05_direction_1_candidate_22.png,results\cue_conflicts\review_thumbnails\stylized\pair_05_direction_1_candidate_22.png,True,34
pair_05_direction_1_candidate_26,5,1,bird,1,304,dog,5,645,0.8,results\cue_conflicts\candidates\pair_05_direction_1_candidate_26.png,pending,,results\cue_conflicts\review_thumbnails\content\pair_05_direction_1_candidate_26.png,results\cue_conflicts\review_thumbnails\style\pair_05_direction_1_candidate_26.png,results\cue_conflicts\review_thumbnails\stylized\pair_05_direction_1_candidate_26.png,True,35
pair_05_direction_1_candidate_27,5,1,bird,1,5560,dog,5,4966,0.8,results\cue_conflicts\candidates\pair_05_direction_1_candidate_27.png,pending,,results\cue_conflicts\review_thumbnails\content\pair_05_direction_1_candidate_27.png,results\cue_conflicts\review_thumbnails\style\pair_05_direction_1_candidate_27.png,results\cue_conflicts\review_thumbnails\stylized\pair_05_direction_1_candidate_27.png,True,36
pair_05_direction_1_candidate_28,5,1,bird,1,2157,dog,5,6716,0.8,results\cue_conflicts\candidates\pair_05_direction_1_candidate_28.png,pending,,results\cue_conflicts\review_thumbnails\content\pair_05_direction_1_candidate_28.png,results\cue_conflicts\review_thumbnails\style\pair_05_direction_1_candidate_28.png,results\cue_conflicts\review_thumbnails\stylized\pair_05_direction_1_candidate_28.png,True,37
pair_05_direction_1_candidate_29,5,1,bird,1,6954,dog,5,685,0.8,results\cue_conflicts\candidates\pair_05_direction_1_candidate_29.png,pending,,results\cue_conflicts\review_thumbnails\content\pair_05_direction_1_candidate_29.png,results\cue_conflicts\review_thumbnails\style\pair_05_direction_1_candidate_29.png,results\cue_conflicts\review_thumbnails\stylized\pair_05_direction_1_candidate_29.png,True,38
pair_05_direction_1_candidate_30,5,1,bird,1,5123,dog,5,3889,0.8,results\cue_conflicts\candidates\pair_05_direction_1_candidate_30.png,pending,,results\cue_conflicts\review_thumbnails\content\pair_05_direction_1_candidate_30.png,results\cue_conflicts\review_thumbnails\style\pair_05_direction_1_candidate_30.png,results\cue_conflicts\review_thumbnails\stylized\pair_05_direction_1_candidate_30.png,True,39
pair_02_direction_1_candidate_01,2,1,car,2,6616,deer,4,7692,0.8,results\cue_conflicts\candidates\pair_02_direction_1_candidate_01.png,pending,,results\cue_conflicts\review_thumbnails\content\pair_02_direction_1_candidate_01.png,results\cue_conflicts\review_thumbnails\style\pair_02_direction_1_candidate_01.png,results\cue_conflicts\review_thumbnails\stylized\pair_02_direction_1_candidate_01.png,True,40
pair_02_direction_1_candidate_02,2,1,car,2,49,deer,4,3458,0.8,results\cue_conflicts\candidates\pair_02_direction_1_candidate_02.png,pending,,results\cue_conflicts\review_thumbnails\content\pair_02_direction_1_candidate_02.png,results\cue_conflicts\review_thumbnails\style\pair_02_direction_1_candidate_02.png,results\cue_conflicts\review_thumbnails\stylized\pair_02_direction_1_candidate_02.png,True,41
pair_02_direction_1_candidate_05,2,1,car,2,2392,deer,4,2399,0.8,results\cue_conflicts\candidates\pair_02_direction_1_candidate_05.png,pending,,results\cue_conflicts\review_thumbnails\content\pair_02_direction_1_candidate_05.png,results\cue_conflicts\review_thumbnails\style\pair_02_direction_1_candidate_05.png,results\cue_conflicts\review_thumbnails\stylized\pair_02_direction_1_candidate_05.png,True,42
pair_02_direction_1_candidate_06,2,1,car,2,3755,deer,4,5062,0.8,results\cue_conflicts\candidates\pair_02_direction_1_candidate_06.png,pending,,results\cue_conflicts\review_thumbnails\content\pair_02_direction_1_candidate_06.png,results\cue_conflicts\review_thumbnails\style\pair_02_direction_1_candidate_06.png,results\cue_conflicts\review_thumbnails\stylized\pair_02_direction_1_candidate_06.png,True,43
pair_02_direction_1_candidate_07,2,1,car,2,2502,deer,4,4054,0.8,results\cue_conflicts\candidates\pair_02_direction_1_candidate_07.png,pending,,results\cue_conflicts\review_thumbnails\content\pair_02_direction_1_candidate_07.png,results\cue_conflicts\review_thumbnails\style\pair_02_direction_1_candidate_07.png,results\cue_conflicts\review_thumbnails\stylized\pair_02_direction_1_candidate_07.png,True,44
pair_02_direction_1_candidate_09,2,1,car,2,1839,deer,4,1429,0.8,results\cue_conflicts\candidates\pair_02_direction_1_candidate_09.png,pending,,results\cue_conflicts\review_thumbnails\content\pair_02_direction_1_candidate_09.png,results\cue_conflicts\review_thumbnails\style\pair_02_direction_1_candidate_09.png,results\cue_conflicts\review_thumbnails\stylized\pair_02_direction_1_candidate_09.png,True,45
pair_02_direction_1_candidate_10,2,1,car,2,6692,deer,4,3034,0.8,results\cue_conflicts\candidates\pair_02_direction_1_candidate_10.png,pending,,results\cue_conflicts\review_thumbnails\content\pair_02_direction_1_candidate_10.png,results\cue_conflicts\review_thumbnails\style\pair_02_direction_1_candidate_10.png,results\cue_conflicts\review_thumbnails\stylized\pair_02_direction_1_candidate_10.png,True,46
pair_02_direction_1_candidate_11,2,1,car,2,483,deer,4,4629,0.8,results\cue_conflicts\candidates\pair_02_direction_1_candidate_11.png,pending,,results\cue_conflicts\review_thumbnails\content\pair_02_direction_1_candidate_11.png,results\cue_conflicts\review_thumbnails\style\pair_02_direction_1_candidate_11.png,results\cue_conflicts\review_thumbnails\stylized\pair_02_direction_1_candidate_11.png,True,47
pair_02_direction_1_candidate_12,2,1,car,2,5824,deer,4,3287,0.8,results\cue_conflicts\candidates\pair_02_direction_1_candidate_12.png,pending,,results\cue_conflicts\review_thumbnails\content\pair_02_direction_1_candidate_12.png,results\cue_conflicts\review_thumbnails\style\pair_02_direction_1_candidate_12.png,results\cue_conflicts\review_thumbnails\stylized\pair_02_direction_1_candidate_12.png,True,48
pair_02_direction_1_candidate_13,2,1,car,2,6271,deer,4,506,0.8,results\cue_conflicts\candidates\pair_02_direction_1_candidate_13.png,pending,,results\cue_conflicts\review_thumbnails\content\pair_02_direction_1_candidate_13.png,results\cue_conflicts\review_thumbnails\style\pair_02_direction_1_candidate_13.png,results\cue_conflicts\review_thumbnails\stylized\pair_02_direction_1_candidate_13.png,True,49
pair_02_direction_1_candidate_14,2,1,car,2,6028,deer,4,7475,0.8,results\cue_conflicts\candidates\pair_02_direction_1_candidate_14.png,pending,,results\cue_conflicts\review_thumbnails\content\pair_02_direction_1_candidate_14.png,results\cue_conflicts\review_thumbnails\style\pair_02_direction_1_candidate_14.png,results\cue_conflicts\review_thumbnails\stylized\pair_02_direction_1_candidate_14.png,True,50
pair_02_direction_1_candidate_16,2,1,car,2,6332,deer,4,6528,0.8,results\cue_conflicts\candidates\pair_02_direction_1_candidate_16.png,pending,,results\cue_conflicts\review_thumbnails\content\pair_02_direction_1_candidate_16.png,results\cue_conflicts\review_thumbnails\style\pair_02_direction_1_candidate_16.png,results\cue_conflicts\review_thumbnails\stylized\pair_02_direction_1_candidate_16.png,True,51
pair_02_direction_1_candidate_17,2,1,car,2,3067,deer,4,7610,0.8,results\cue_conflicts\candidates\pair_02_direction_1_candidate_17.png,pending,,results\cue_conflicts\review_thumbnails\content\pair_02_direction_1_candidate_17.png,results\cue_conflicts\review_thumbnails\style\pair_02_direction_1_candidate_17.png,results\cue_conflicts\review_thumbnails\stylized\pair_02_direction_1_candidate_17.png,True,52
pair_02_direction_1_candidate_18,2,1,car,2,5756,deer,4,7864,0.8,results\cue_conflicts\candidates\pair_02_direction_1_candidate_18.png,pending,,results\cue_conflicts\review_thumbnails\content\pair_02_direction_1_candidate_18.png,results\cue_conflicts\review_thumbnails\style\pair_02_direction_1_candidate_18.png,results\cue_conflicts\review_thumbnails\stylized\pair_02_direction_1_candidate_18.png,True,53
pair_02_direction_1_candidate_19,2,1,car,2,5395,deer,4,6097,0.8,results\cue_conflicts\candidates\pair_02_direction_1_candidate_19.png,pending,,results\cue_conflicts\review_thumbnails\content\pair_02_direction_1_candidate_19.png,results\cue_conflicts\review_thumbnails\style\pair_02_direction_1_candidate_19.png,results\cue_conflicts\review_thumbnails\stylized\pair_02_direction_1_candidate_19.png,True,54
pair_02_direction_1_candidate_25,2,1,car,2,5218,deer,4,1266,0.8,results\cue_conflicts\candidates\pair_02_direction_1_candidate_25.png,pending,,results\cue_conflicts\review_thumbnails\content\pair_02_direction_1_candidate_25.png,results\cue_conflicts\review_thumbnails\style\pair_02_direction_1_candidate_25.png,results\cue_conflicts\review_thumbnails\stylized\pair_02_direction_1_candidate_25.png,True,55
pair_02_direction_1_candidate_26,2,1,car,2,5677,deer,4,3891,0.8,results\cue_conflicts\candidates\pair_02_direction_1_candidate_26.png,pending,,results\cue_conflicts\review_thumbnails\content\pair_02_direction_1_candidate_26.png,results\cue_conflicts\review_thumbnails\style\pair_02_direction_1_candidate_26.png,results\cue_conflicts\review_thumbnails\stylized\pair_02_direction_1_candidate_26.png,True,56
pair_02_direction_1_candidate_27,2,1,car,2,4065,deer,4,4740,0.8,results\cue_conflicts\candidates\pair_02_direction_1_candidate_27.png,pending,,results\cue_conflicts\review_thumbnails\content\pair_02_direction_1_candidate_27.png,results\cue_conflicts\review_thumbnails\style\pair_02_direction_1_candidate_27.png,results\cue_conflicts\review_thumbnails\stylized\pair_02_direction_1_candidate_27.png,True,57
pair_02_direction_1_candidate_28,2,1,car,2,1403,deer,4,3512,0.8,results\cue_conflicts\candidates\pair_02_direction_1_candidate_28.png,pending,,results\cue_conflicts\review_thumbnails\content\pair_02_direction_1_candidate_28.png,results\cue_conflicts\review_thumbnails\style\pair_02_direction_1_candidate_28.png,results\cue_conflicts\review_thumbnails\stylized\pair_02_direction_1_candidate_28.png,True,58
pair_02_direction_1_candidate_29,2,1,car,2,6503,deer,4,7944,0.8,results\cue_conflicts\candidates\pair_02_direction_1_candidate_29.png,pending,,results\cue_conflicts\review_thumbnails\content\pair_02_direction_1_candidate_29.png,results\cue_conflicts\review_thumbnails\style\pair_02_direction_1_candidate_29.png,results\cue_conflicts\review_thumbnails\stylized\pair_02_direction_1_candidate_29.png,True,59
pair_03_direction_2_candidate_01,3,2,cat,3,677,ship,8,739,0.8,results\cue_conflicts\candidates\pair_03_direction_2_candidate_01.png,pending,,results\cue_conflicts\review_thumbnails\content\pair_03_direction_2_candidate_01.png,results\cue_conflicts\review_thumbnails\style\pair_03_direction_2_candidate_01.png,results\cue_conflicts\review_thumbnails\stylized\pair_03_direction_2_candidate_01.png,True,60
pair_03_direction_2_candidate_02,3,2,cat,3,2028,ship,8,2342,0.8,results\cue_conflicts\candidates\pair_03_direction_2_candidate_02.png,pending,,results\cue_conflicts\review_thumbnails\content\pair_03_direction_2_candidate_02.png,results\cue_conflicts\review_thumbnails\style\pair_03_direction_2_candidate_02.png,results\cue_conflicts\review_thumbnails\stylized\pair_03_direction_2_candidate_02.png,True,61
pair_03_direction_2_candidate_04,3,2,cat,3,1401,ship,8,5705,0.8,results\cue_conflicts\candidates\pair_03_direction_2_candidate_04.png,pending,,results\cue_conflicts\review_thumbnails\content\pair_03_direction_2_candidate_04.png,results\cue_conflicts\review_thumbnails\style\pair_03_direction_2_candidate_04.png,results\cue_conflicts\review_thumbnails\stylized\pair_03_direction_2_candidate_04.png,True,62
pair_03_direction_2_candidate_07,3,2,cat,3,372,ship,8,2340,0.8,results\cue_conflicts\candidates\pair_03_direction_2_candidate_07.png,pending,,results\cue_conflicts\review_thumbnails\content\pair_03_direction_2_candidate_07.png,results\cue_conflicts\review_thumbnails\style\pair_03_direction_2_candidate_07.png,results\cue_conflicts\review_thumbnails\stylized\pair_03_direction_2_candidate_07.png,True,63
pair_03_direction_2_candidate_08,3,2,cat,3,1204,ship,8,7818,0.8,results\cue_conflicts\candidates\pair_03_direction_2_candidate_08.png,pending,,results\cue_conflicts\review_thumbnails\content\pair_03_direction_2_candidate_08.png,results\cue_conflicts\review_thumbnails\style\pair_03_direction_2_candidate_08.png,results\cue_conflicts\review_thumbnails\stylized\pair_03_direction_2_candidate_08.png,True,64
pair_03_direction_2_candidate_09,3,2,cat,3,2754,ship,8,3948,0.8,results\cue_conflicts\candidates\pair_03_direction_2_candidate_09.png,pending,,results\cue_conflicts\review_thumbnails\content\pair_03_direction_2_candidate_09.png,results\cue_conflicts\review_thumbnails\style\pair_03_direction_2_candidate_09.png,results\cue_conflicts\review_thumbnails\stylized\pair_03_direction_2_candidate_09.png,True,65
pair_03_direction_2_candidate_10,3,2,cat,3,1431,ship,8,667,0.8,results\cue_conflicts\candidates\pair_03_direction_2_candidate_10.png,pending,,results\cue_conflicts\review_thumbnails\content\pair_03_direction_2_candidate_10.png,results\cue_conflicts\review_thumbnails\style\pair_03_direction_2_candidate_10.png,results\cue_conflicts\review_thumbnails\stylized\pair_03_direction_2_candidate_10.png,True,66
pair_03_direction_2_candidate_11,3,2,cat,3,672,ship,8,4355,0.8,results\cue_conflicts\candidates\pair_03_direction_2_candidate_11.png,pending,,results\cue_conflicts\review_thumbnails\content\pair_03_direction_2_candidate_11.png,results\cue_conflicts\review_thumbnails\style\pair_03_direction_2_candidate_11.png,results\cue_conflicts\review_thumbnails\stylized\pair_03_direction_2_candidate_11.png,True,67
pair_03_direction_2_candidate_13,3,2,cat,3,3375,ship,8,3905,0.8,results\cue_conflicts\candidates\pair_03_direction_2_candidate_13.png,pending,,results\cue_conflicts\review_thumbnails\content\pair_03_direction_2_candidate_13.png,results\cue_conflicts\review_thumbnails\style\pair_03_direction_2_candidate_13.png,results\cue_conflicts\review_thumbnails\stylized\pair_03_direction_2_candidate_13.png,True,68
pair_03_direction_2_candidate_14,3,2,cat,3,1370,ship,8,5000,0.8,results\cue_conflicts\candidates\pair_03_direction_2_candidate_14.png,pending,,results\cue_conflicts\review_thumbnails\content\pair_03_direction_2_candidate_14.png,results\cue_conflicts\review_thumbnails\style\pair_03_direction_2_candidate_14.png,results\cue_conflicts\review_thumbnails\stylized\pair_03_direction_2_candidate_14.png,True,69
pair_03_direction_2_candidate_15,3,2,cat,3,1563,ship,8,5451,0.8,results\cue_conflicts\candidates\pair_03_direction_2_candidate_15.png,pending,,results\cue_conflicts\review_thumbnails\content\pair_03_direction_2_candidate_15.png,results\cue_conflicts\review_thumbnails\style\pair_03_direction_2_candidate_15.png,results\cue_conflicts\review_thumbnails\stylized\pair_03_direction_2_candidate_15.png,True,70
pair_03_direction_2_candidate_17,3,2,cat,3,1531,ship,8,6434,0.8,results\cue_conflicts\candidates\pair_03_direction_2_candidate_17.png,pending,,results\cue_conflicts\review_thumbnails\content\pair_03_direction_2_candidate_17.png,results\cue_conflicts\review_thumbnails\style\pair_03_direction_2_candidate_17.png,results\cue_conflicts\review_thumbnails\stylized\pair_03_direction_2_candidate_17.png,True,71
pair_03_direction_2_candidate_18,3,2,cat,3,4821,ship,8,2745,0.8,results\cue_conflicts\candidates\pair_03_direction_2_candidate_18.png,pending,,results\cue_conflicts\review_thumbnails\content\pair_03_direction_2_candidate_18.png,results\cue_conflicts\review_thumbnails\style\pair_03_direction_2_candidate_18.png,results\cue_conflicts\review_thumbnails\stylized\pair_03_direction_2_candidate_18.png,True,72
pair_03_direction_2_candidate_19,3,2,cat,3,3914,ship,8,4311,0.8,results\cue_conflicts\candidates\pair_03_direction_2_candidate_19.png,pending,,results\cue_conflicts\review_thumbnails\content\pair_03_direction_2_candidate_19.png,results\cue_conflicts\review_thumbnails\style\pair_03_direction_2_candidate_19.png,results\cue_conflicts\review_thumbnails\stylized\pair_03_direction_2_candidate_19.png,True,73
pair_03_direction_2_candidate_23,3,2,cat,3,1263,ship,8,7810,0.8,results\cue_conflicts\candidates\pair_03_direction_2_candidate_23.png,pending,,results\cue_conflicts\review_thumbnails\content\pair_03_direction_2_candidate_23.png,results\cue_conflicts\review_thumbnails\style\pair_03_direction_2_candidate_23.png,results\cue_conflicts\review_thumbnails\stylized\pair_03_direction_2_candidate_23.png,True,74
pair_03_direction_2_candidate_24,3,2,cat,3,7793,ship,8,194,0.8,results\cue_conflicts\candidates\pair_03_direction_2_candidate_24.png,pending,,results\cue_conflicts\review_thumbnails\content\pair_03_direction_2_candidate_24.png,results\cue_conflicts\review_thumbnails\style\pair_03_direction_2_candidate_24.png,results\cue_conflicts\review_thumbnails\stylized\pair_03_direction_2_candidate_24.png,True,75
pair_03_direction_2_candidate_25,3,2,cat,3,4330,ship,8,4990,0.8,results\cue_conflicts\candidates\pair_03_direction_2_candidate_25.png,pending,,results\cue_conflicts\review_thumbnails\content\pair_03_direction_2_candidate_25.png,results\cue_conflicts\review_thumbnails\style\pair_03_direction_2_candidate_25.png,results\cue_conflicts\review_thumbnails\stylized\pair_03_direction_2_candidate_25.png,True,76
pair_03_direction_2_candidate_27,3,2,cat,3,979,ship,8,4662,0.8,results\cue_conflicts\candidates\pair_03_direction_2_candidate_27.png,pending,,results\cue_conflicts\review_thumbnails\content\pair_03_direction_2_candidate_27.png,results\cue_conflicts\review_thumbnails\style\pair_03_direction_2_candidate_27.png,results\cue_conflicts\review_thumbnails\stylized\pair_03_direction_2_candidate_27.png,True,77
pair_03_direction_2_candidate_29,3,2,cat,3,5528,ship,8,2844,0.8,results\cue_conflicts\candidates\pair_03_direction_2_candidate_29.png,pending,,results\cue_conflicts\review_thumbnails\content\pair_03_direction_2_candidate_29.png,results\cue_conflicts\review_thumbnails\style\pair_03_direction_2_candidate_29.png,results\cue_conflicts\review_thumbnails\stylized\pair_03_direction_2_candidate_29.png,True,78
pair_03_direction_2_candidate_30,3,2,cat,3,3276,ship,8,1954,0.8,results\cue_conflicts\candidates\pair_03_direction_2_candidate_30.png,pending,,results\cue_conflicts\review_thumbnails\content\pair_03_direction_2_candidate_30.png,results\cue_conflicts\review_thumbnails\style\pair_03_direction_2_candidate_30.png,results\cue_conflicts\review_thumbnails\stylized\pair_03_direction_2_candidate_30.png,True,79
pair_02_direction_2_candidate_01,2,2,deer,4,3179,car,2,6271,0.8,results\cue_conflicts\candidates\pair_02_direction_2_candidate_01.png,pending,,results\cue_conflicts\review_thumbnails\content\pair_02_direction_2_candidate_01.png,results\cue_conflicts\review_thumbnails\style\pair_02_direction_2_candidate_01.png,results\cue_conflicts\review_thumbnails\stylized\pair_02_direction_2_candidate_01.png,True,80
pair_02_direction_2_candidate_02,2,2,deer,4,3122,car,2,483,0.8,results\cue_conflicts\candidates\pair_02_direction_2_candidate_02.png,pending,,results\cue_conflicts\review_thumbnails\content\pair_02_direction_2_candidate_02.png,results\cue_conflicts\review_thumbnails\style\pair_02_direction_2_candidate_02.png,results\cue_conflicts\review_thumbnails\stylized\pair_02_direction_2_candidate_02.png,True,81
pair_02_direction_2_candidate_03,2,2,deer,4,6508,car,2,1814,0.8,results\cue_conflicts\candidates\pair_02_direction_2_candidate_03.png,pending,,results\cue_conflicts\review_thumbnails\content\pair_02_direction_2_candidate_03.png,results\cue_conflicts\review_thumbnails\style\pair_02_direction_2_candidate_03.png,results\cue_conflicts\review_thumbnails\stylized\pair_02_direction_2_candidate_03.png,True,82
pair_02_direction_2_candidate_04,2,2,deer,4,5402,car,2,6426,0.8,results\cue_conflicts\candidates\pair_02_direction_2_candidate_04.png,pending,,results\cue_conflicts\review_thumbnails\content\pair_02_direction_2_candidate_04.png,results\cue_conflicts\review_thumbnails\style\pair_02_direction_2_candidate_04.png,results\cue_conflicts\review_thumbnails\stylized\pair_02_direction_2_candidate_04.png,True,83
pair_02_direction_2_candidate_05,2,2,deer,4,3078,car,2,317,0.8,results\cue_conflicts\candidates\pair_02_direction_2_candidate_05.png,pending,,results\cue_conflicts\review_thumbnails\content\pair_02_direction_2_candidate_05.png,results\cue_conflicts\review_thumbnails\style\pair_02_direction_2_candidate_05.png,results\cue_conflicts\review_thumbnails\stylized\pair_02_direction_2_candidate_05.png,True,84
pair_02_direction_2_candidate_07,2,2,deer,4,7940,car,2,714,0.8,results\cue_conflicts\candidates\pair_02_direction_2_candidate_07.png,pending,,results\cue_conflicts\review_thumbnails\content\pair_02_direction_2_candidate_07.png,results\cue_conflicts\review_thumbnails\style\pair_02_direction_2_candidate_07.png,results\cue_conflicts\review_thumbnails\stylized\pair_02_direction_2_candidate_07.png,True,85
pair_02_direction_2_candidate_09,2,2,deer,4,2399,car,2,6503,0.8,results\cue_conflicts\candidates\pair_02_direction_2_candidate_09.png,pending,,results\cue_conflicts\review_thumbnails\content\pair_02_direction_2_candidate_09.png,results\cue_conflicts\review_thumbnails\style\pair_02_direction_2_candidate_09.png,results\cue_conflicts\review_thumbnails\stylized\pair_02_direction_2_candidate_09.png,True,86
pair_02_direction_2_candidate_10,2,2,deer,4,5077,car,2,1520,0.8,results\cue_conflicts\candidates\pair_02_direction_2_candidate_10.png,pending,,results\cue_conflicts\review_thumbnails\content\pair_02_direction_2_candidate_10.png,results\cue_conflicts\review_thumbnails\style\pair_02_direction_2_candidate_10.png,results\cue_conflicts\review_thumbnails\stylized\pair_02_direction_2_candidate_10.png,True,87
pair_02_direction_2_candidate_13,2,2,deer,4,4629,car,2,4921,0.8,results\cue_conflicts\candidates\pair_02_direction_2_candidate_13.png,pending,,results\cue_conflicts\review_thumbnails\content\pair_02_direction_2_candidate_13.png,results\cue_conflicts\review_thumbnails\style\pair_02_direction_2_candidate_13.png,results\cue_conflicts\review_thumbnails\stylized\pair_02_direction_2_candidate_13.png,True,88
pair_02_direction_2_candidate_14,2,2,deer,4,5467,car,2,4735,0.8,results\cue_conflicts\candidates\pair_02_direction_2_candidate_14.png,pending,,results\cue_conflicts\review_thumbnails\content\pair_02_direction_2_candidate_14.png,results\cue_conflicts\review_thumbnails\style\pair_02_direction_2_candidate_14.png,results\cue_conflicts\review_thumbnails\stylized\pair_02_direction_2_candidate_14.png,True,89
pair_02_direction_2_candidate_15,2,2,deer,4,6288,car,2,7425,0.8,results\cue_conflicts\candidates\pair_02_direction_2_candidate_15.png,pending,,results\cue_conflicts\review_thumbnails\content\pair_02_direction_2_candidate_15.png,results\cue_conflicts\review_thumbnails\style\pair_02_direction_2_candidate_15.png,results\cue_conflicts\review_thumbnails\stylized\pair_02_direction_2_candidate_15.png,True,90
pair_02_direction_2_candidate_17,2,2,deer,4,7610,car,2,5218,0.8,results\cue_conflicts\candidates\pair_02_direction_2_candidate_17.png,pending,,results\cue_conflicts\review_thumbnails\content\pair_02_direction_2_candidate_17.png,results\cue_conflicts\review_thumbnails\style\pair_02_direction_2_candidate_17.png,results\cue_conflicts\review_thumbnails\stylized\pair_02_direction_2_candidate_17.png,True,91
pair_02_direction_2_candidate_18,2,2,deer,4,3763,car,2,5183,0.8,results\cue_conflicts\candidates\pair_02_direction_2_candidate_18.png,pending,,results\cue_conflicts\review_thumbnails\content\pair_02_direction_2_candidate_18.png,results\cue_conflicts\review_thumbnails\style\pair_02_direction_2_candidate_18.png,results\cue_conflicts\review_thumbnails\stylized\pair_02_direction_2_candidate_18.png,True,92
pair_02_direction_2_candidate_21,2,2,deer,4,7692,car,2,5030,0.8,results\cue_conflicts\candidates\pair_02_direction_2_candidate_21.png,pending,,results\cue_conflicts\review_thumbnails\content\pair_02_direction_2_candidate_21.png,results\cue_conflicts\review_thumbnails\style\pair_02_direction_2_candidate_21.png,results\cue_conflicts\review_thumbnails\stylized\pair_02_direction_2_candidate_21.png,True,93
pair_02_direction_2_candidate_22,2,2,deer,4,6033,car,2,5318,0.8,results\cue_conflicts\candidates\pair_02_direction_2_candidate_22.png,pending,,results\cue_conflicts\review_thumbnails\content\pair_02_direction_2_candidate_22.png,results\cue_conflicts\review_thumbnails\style\pair_02_direction_2_candidate_22.png,results\cue_conflicts\review_thumbnails\stylized\pair_02_direction_2_candidate_22.png,True,94
pair_02_direction_2_candidate_23,2,2,deer,4,6528,car,2,2082,0.8,results\cue_conflicts\candidates\pair_02_direction_2_candidate_23.png,pending,,results\cue_conflicts\review_thumbnails\content\pair_02_direction_2_candidate_23.png,results\cue_conflicts\review_thumbnails\style\pair_02_direction_2_candidate_23.png,results\cue_conflicts\review_thumbnails\stylized\pair_02_direction_2_candidate_23.png,True,95
pair_02_direction_2_candidate_24,2,2,deer,4,1429,car,2,6616,0.8,results\cue_conflicts\candidates\pair_02_direction_2_candidate_24.png,pending,,results\cue_conflicts\review_thumbnails\content\pair_02_direction_2_candidate_24.png,results\cue_conflicts\review_thumbnails\style\pair_02_direction_2_candidate_24.png,results\cue_conflicts\review_thumbnails\stylized\pair_02_direction_2_candidate_24.png,True,96
pair_02_direction_2_candidate_26,2,2,deer,4,5213,car,2,49,0.8,results\cue_conflicts\candidates\pair_02_direction_2_candidate_26.png,pending,,results\cue_conflicts\review_thumbnails\content\pair_02_direction_2_candidate_26.png,results\cue_conflicts\review_thumbnails\style\pair_02_direction_2_candidate_26.png,results\cue_conflicts\review_thumbnails\stylized\pair_02_direction_2_candidate_26.png,True,97
pair_02_direction_2_candidate_27,2,2,deer,4,3994,car,2,981,0.8,results\cue_conflicts\candidates\pair_02_direction_2_candidate_27.png,pending,,results\cue_conflicts\review_thumbnails\content\pair_02_direction_2_candidate_27.png,results\cue_conflicts\review_thumbnails\style\pair_02_direction_2_candidate_27.png,results\cue_conflicts\review_thumbnails\stylized\pair_02_direction_2_candidate_27.png,True,98
pair_02_direction_2_candidate_29,2,2,deer,4,4642,car,2,6692,0.8,results\cue_conflicts\candidates\pair_02_direction_2_candidate_29.png,pending,,results\cue_conflicts\review_thumbnails\content\pair_02_direction_2_candidate_29.png,results\cue_conflicts\review_thumbnails\style\pair_02_direction_2_candidate_29.png,results\cue_conflicts\review_thumbnails\stylized\pair_02_direction_2_candidate_29.png,True,99
pair_05_direction_2_candidate_01,5,2,dog,5,2623,bird,1,2095,0.8,results\cue_conflicts\candidates\pair_05_direction_2_candidate_01.png,pending,,results\cue_conflicts\review_thumbnails\content\pair_05_direction_2_candidate_01.png,results\cue_conflicts\review_thumbnails\style\pair_05_direction_2_candidate_01.png,results\cue_conflicts\review_thumbnails\stylized\pair_05_direction_2_candidate_01.png,True,100
pair_05_direction_2_candidate_03,5,2,dog,5,5924,bird,1,3491,0.8,results\cue_conflicts\candidates\pair_05_direction_2_candidate_03.png,pending,,results\cue_conflicts\review_thumbnails\content\pair_05_direction_2_candidate_03.png,results\cue_conflicts\review_thumbnails\style\pair_05_direction_2_candidate_03.png,results\cue_conflicts\review_thumbnails\stylized\pair_05_direction_2_candidate_03.png,True,101
pair_05_direction_2_candidate_05,5,2,dog,5,2268,bird,1,261,0.8,results\cue_conflicts\candidates\pair_05_direction_2_candidate_05.png,pending,,results\cue_conflicts\review_thumbnails\content\pair_05_direction_2_candidate_05.png,results\cue_conflicts\review_thumbnails\style\pair_05_direction_2_candidate_05.png,results\cue_conflicts\review_thumbnails\stylized\pair_05_direction_2_candidate_05.png,True,102
pair_05_direction_2_candidate_06,5,2,dog,5,1095,bird,1,3413,0.8,results\cue_conflicts\candidates\pair_05_direction_2_candidate_06.png,pending,,results\cue_conflicts\review_thumbnails\content\pair_05_direction_2_candidate_06.png,results\cue_conflicts\review_thumbnails\style\pair_05_direction_2_candidate_06.png,results\cue_conflicts\review_thumbnails\stylized\pair_05_direction_2_candidate_06.png,True,103
pair_05_direction_2_candidate_08,5,2,dog,5,4953,bird,1,304,0.8,results\cue_conflicts\candidates\pair_05_direction_2_candidate_08.png,pending,,results\cue_conflicts\review_thumbnails\content\pair_05_direction_2_candidate_08.png,results\cue_conflicts\review_thumbnails\style\pair_05_direction_2_candidate_08.png,results\cue_conflicts\review_thumbnails\stylized\pair_05_direction_2_candidate_08.png,True,104
pair_05_direction_2_candidate_09,5,2,dog,5,5101,bird,1,4298,0.8,results\cue_conflicts\candidates\pair_05_direction_2_candidate_09.png,pending,,results\cue_conflicts\review_thumbnails\content\pair_05_direction_2_candidate_09.png,results\cue_conflicts\review_thumbnails\style\pair_05_direction_2_candidate_09.png,results\cue_conflicts\review_thumbnails\stylized\pair_05_direction_2_candidate_09.png,True,105
pair_05_direction_2_candidate_10,5,2,dog,5,3889,bird,1,2116,0.8,results\cue_conflicts\candidates\pair_05_direction_2_candidate_10.png,pending,,results\cue_conflicts\review_thumbnails\content\pair_05_direction_2_candidate_10.png,results\cue_conflicts\review_thumbnails\style\pair_05_direction_2_candidate_10.png,results\cue_conflicts\review_thumbnails\stylized\pair_05_direction_2_candidate_10.png,True,106
pair_05_direction_2_candidate_11,5,2,dog,5,319,bird,1,5488,0.8,results\cue_conflicts\candidates\pair_05_direction_2_candidate_11.png,pending,,results\cue_conflicts\review_thumbnails\content\pair_05_direction_2_candidate_11.png,results\cue_conflicts\review_thumbnails\style\pair_05_direction_2_candidate_11.png,results\cue_conflicts\review_thumbnails\stylized\pair_05_direction_2_candidate_11.png,True,107
pair_05_direction_2_candidate_12,5,2,dog,5,6716,bird,1,7955,0.8,results\cue_conflicts\candidates\pair_05_direction_2_candidate_12.png,pending,,results\cue_conflicts\review_thumbnails\content\pair_05_direction_2_candidate_12.png,results\cue_conflicts\review_thumbnails\style\pair_05_direction_2_candidate_12.png,results\cue_conflicts\review_thumbnails\stylized\pair_05_direction_2_candidate_12.png,True,108
pair_05_direction_2_candidate_13,5,2,dog,5,2950,bird,1,2690,0.8,results\cue_conflicts\candidates\pair_05_direction_2_candidate_13.png,pending,,results\cue_conflicts\review_thumbnails\content\pair_05_direction_2_candidate_13.png,results\cue_conflicts\review_thumbnails\style\pair_05_direction_2_candidate_13.png,results\cue_conflicts\review_thumbnails\stylized\pair_05_direction_2_candidate_13.png,True,109
pair_05_direction_2_candidate_15,5,2,dog,5,4547,bird,1,7390,0.8,results\cue_conflicts\candidates\pair_05_direction_2_candidate_15.png,pending,,results\cue_conflicts\review_thumbnails\content\pair_05_direction_2_candidate_15.png,results\cue_conflicts\review_thumbnails\style\pair_05_direction_2_candidate_15.png,results\cue_conflicts\review_thumbnails\stylized\pair_05_direction_2_candidate_15.png,True,110
pair_05_direction_2_candidate_16,5,2,dog,5,5381,bird,1,6594,0.8,results\cue_conflicts\candidates\pair_05_direction_2_candidate_16.png,pending,,results\cue_conflicts\review_thumbnails\content\pair_05_direction_2_candidate_16.png,results\cue_conflicts\review_thumbnails\style\pair_05_direction_2_candidate_16.png,results\cue_conflicts\review_thumbnails\stylized\pair_05_direction_2_candidate_16.png,True,111
pair_05_direction_2_candidate_17,5,2,dog,5,2391,bird,1,1986,0.8,results\cue_conflicts\candidates\pair_05_direction_2_candidate_17.png,pending,,results\cue_conflicts\review_thumbnails\content\pair_05_direction_2_candidate_17.png,results\cue_conflicts\review_thumbnails\style\pair_05_direction_2_candidate_17.png,results\cue_conflicts\review_thumbnails\stylized\pair_05_direction_2_candidate_17.png,True,112
pair_05_direction_2_candidate_18,5,2,dog,5,3863,bird,1,7029,0.8,results\cue_conflicts\candidates\pair_05_direction_2_candidate_18.png,pending,,results\cue_conflicts\review_thumbnails\content\pair_05_direction_2_candidate_18.png,results\cue_conflicts\review_thumbnails\style\pair_05_direction_2_candidate_18.png,results\cue_conflicts\review_thumbnails\stylized\pair_05_direction_2_candidate_18.png,True,113
pair_05_direction_2_candidate_21,5,2,dog,5,7413,bird,1,6836,0.8,results\cue_conflicts\candidates\pair_05_direction_2_candidate_21.png,pending,,results\cue_conflicts\review_thumbnails\content\pair_05_direction_2_candidate_21.png,results\cue_conflicts\review_thumbnails\style\pair_05_direction_2_candidate_21.png,results\cue_conflicts\review_thumbnails\stylized\pair_05_direction_2_candidate_21.png,True,114
pair_05_direction_2_candidate_24,5,2,dog,5,7130,bird,1,5123,0.8,results\cue_conflicts\candidates\pair_05_direction_2_candidate_24.png,pending,,results\cue_conflicts\review_thumbnails\content\pair_05_direction_2_candidate_24.png,results\cue_conflicts\review_thumbnails\style\pair_05_direction_2_candidate_24.png,results\cue_conflicts\review_thumbnails\stylized\pair_05_direction_2_candidate_24.png,True,115
pair_05_direction_2_candidate_25,5,2,dog,5,2265,bird,1,5220,0.8,results\cue_conflicts\candidates\pair_05_direction_2_candidate_25.png,pending,,results\cue_conflicts\review_thumbnails\content\pair_05_direction_2_candidate_25.png,results\cue_conflicts\review_thumbnails\style\pair_05_direction_2_candidate_25.png,results\cue_conflicts\review_thumbnails\stylized\pair_05_direction_2_candidate_25.png,True,116
pair_05_direction_2_candidate_27,5,2,dog,5,6358,bird,1,2178,0.8,results\cue_conflicts\candidates\pair_05_direction_2_candidate_27.png,pending,,results\cue_conflicts\review_thumbnails\content\pair_05_direction_2_candidate_27.png,results\cue_conflicts\review_thumbnails\style\pair_05_direction_2_candidate_27.png,results\cue_conflicts\review_thumbnails\stylized\pair_05_direction_2_candidate_27.png,True,117
pair_05_direction_2_candidate_28,5,2,dog,5,7706,bird,1,1568,0.8,results\cue_conflicts\candidates\pair_05_direction_2_candidate_28.png,pending,,results\cue_conflicts\review_thumbnails\content\pair_05_direction_2_candidate_28.png,results\cue_conflicts\review_thumbnails\style\pair_05_direction_2_candidate_28.png,results\cue_conflicts\review_thumbnails\stylized\pair_05_direction_2_candidate_28.png,True,118
pair_05_direction_2_candidate_30,5,2,dog,5,2807,bird,1,116,0.8,results\cue_conflicts\candidates\pair_05_direction_2_candidate_30.png,pending,,results\cue_conflicts\review_thumbnails\content\pair_05_direction_2_candidate_30.png,results\cue_conflicts\review_thumbnails\style\pair_05_direction_2_candidate_30.png,results\cue_conflicts\review_thumbnails\stylized\pair_05_direction_2_candidate_30.png,True,119
pair_04_direction_2_candidate_01,4,2,horse,6,1667,truck,9,5508,0.8,results\cue_conflicts\candidates\pair_04_direction_2_candidate_01.png,pending,,results\cue_conflicts\review_thumbnails\content\pair_04_direction_2_candidate_01.png,results\cue_conflicts\review_thumbnails\style\pair_04_direction_2_candidate_01.png,results\cue_conflicts\review_thumbnails\stylized\pair_04_direction_2_candidate_01.png,True,120
pair_04_direction_2_candidate_04,4,2,horse,6,964,truck,9,5301,0.8,results\cue_conflicts\candidates\pair_04_direction_2_candidate_04.png,pending,,results\cue_conflicts\review_thumbnails\content\pair_04_direction_2_candidate_04.png,results\cue_conflicts\review_thumbnails\style\pair_04_direction_2_candidate_04.png,results\cue_conflicts\review_thumbnails\stylized\pair_04_direction_2_candidate_04.png,True,121
pair_04_direction_2_candidate_06,4,2,horse,6,4011,truck,9,3318,0.8,results\cue_conflicts\candidates\pair_04_direction_2_candidate_06.png,pending,,results\cue_conflicts\review_thumbnails\content\pair_04_direction_2_candidate_06.png,results\cue_conflicts\review_thumbnails\style\pair_04_direction_2_candidate_06.png,results\cue_conflicts\review_thumbnails\stylized\pair_04_direction_2_candidate_06.png,True,122
pair_04_direction_2_candidate_08,4,2,horse,6,3962,truck,9,6931,0.8,results\cue_conflicts\candidates\pair_04_direction_2_candidate_08.png,pending,,results\cue_conflicts\review_thumbnails\content\pair_04_direction_2_candidate_08.png,results\cue_conflicts\review_thumbnails\style\pair_04_direction_2_candidate_08.png,results\cue_conflicts\review_thumbnails\stylized\pair_04_direction_2_candidate_08.png,True,123
pair_04_direction_2_candidate_09,4,2,horse,6,7726,truck,9,5915,0.8,results\cue_conflicts\candidates\pair_04_direction_2_candidate_09.png,pending,,results\cue_conflicts\review_thumbnails\content\pair_04_direction_2_candidate_09.png,results\cue_conflicts\review_thumbnails\style\pair_04_direction_2_candidate_09.png,results\cue_conflicts\review_thumbnails\stylized\pair_04_direction_2_candidate_09.png,True,124
pair_04_direction_2_candidate_11,4,2,horse,6,4754,truck,9,5851,0.8,results\cue_conflicts\candidates\pair_04_direction_2_candidate_11.png,pending,,results\cue_conflicts\review_thumbnails\content\pair_04_direction_2_candidate_11.png,results\cue_conflicts\review_thumbnails\style\pair_04_direction_2_candidate_11.png,results\cue_conflicts\review_thumbnails\stylized\pair_04_direction_2_candidate_11.png,True,125
pair_04_direction_2_candidate_12,4,2,horse,6,2003,truck,9,4723,0.8,results\cue_conflicts\candidates\pair_04_direction_2_candidate_12.png,pending,,results\cue_conflicts\review_thumbnails\content\pair_04_direction_2_candidate_12.png,results\cue_conflicts\review_thumbnails\style\pair_04_direction_2_candidate_12.png,results\cue_conflicts\review_thumbnails\stylized\pair_04_direction_2_candidate_12.png,True,126
pair_04_direction_2_candidate_13,4,2,horse,6,977,truck,9,2114,0.8,results\cue_conflicts\candidates\pair_04_direction_2_candidate_13.png,pending,,results\cue_conflicts\review_thumbnails\content\pair_04_direction_2_candidate_13.png,results\cue_conflicts\review_thumbnails\style\pair_04_direction_2_candidate_13.png,results\cue_conflicts\review_thumbnails\stylized\pair_04_direction_2_candidate_13.png,True,127
pair_04_direction_2_candidate_14,4,2,horse,6,4411,truck,9,852,0.8,results\cue_conflicts\candidates\pair_04_direction_2_candidate_14.png,pending,,results\cue_conflicts\review_thumbnails\content\pair_04_direction_2_candidate_14.png,results\cue_conflicts\review_thumbnails\style\pair_04_direction_2_candidate_14.png,results\cue_conflicts\review_thumbnails\stylized\pair_04_direction_2_candidate_14.png,True,128
pair_04_direction_2_candidate_16,4,2,horse,6,929,truck,9,131,0.8,results\cue_conflicts\candidates\pair_04_direction_2_candidate_16.png,pending,,results\cue_conflicts\review_thumbnails\content\pair_04_direction_2_candidate_16.png,results\cue_conflicts\review_thumbnails\style\pair_04_direction_2_candidate_16.png,results\cue_conflicts\review_thumbnails\stylized\pair_04_direction_2_candidate_16.png,True,129
pair_04_direction_2_candidate_18,4,2,horse,6,5729,truck,9,5452,0.8,results\cue_conflicts\candidates\pair_04_direction_2_candidate_18.png,pending,,results\cue_conflicts\review_thumbnails\content\pair_04_direction_2_candidate_18.png,results\cue_conflicts\review_thumbnails\style\pair_04_direction_2_candidate_18.png,results\cue_conflicts\review_thumbnails\stylized\pair_04_direction_2_candidate_18.png,True,130
pair_04_direction_2_candidate_21,4,2,horse,6,3779,truck,9,2062,0.8,results\cue_conflicts\candidates\pair_04_direction_2_candidate_21.png,pending,,results\cue_conflicts\review_thumbnails\content\pair_04_direction_2_candidate_21.png,results\cue_conflicts\review_thumbnails\style\pair_04_direction_2_candidate_21.png,results\cue_conflicts\review_thumbnails\stylized\pair_04_direction_2_candidate_21.png,True,131
pair_04_direction_2_candidate_22,4,2,horse,6,5857,truck,9,7266,0.8,results\cue_conflicts\candidates\pair_04_direction_2_candidate_22.png,pending,,results\cue_conflicts\review_thumbnails\content\pair_04_direction_2_candidate_22.png,results\cue_conflicts\review_thumbnails\style\pair_04_direction_2_candidate_22.png,results\cue_conflicts\review_thumbnails\stylized\pair_04_direction_2_candidate_22.png,True,132
pair_04_direction_2_candidate_24,4,2,horse,6,4746,truck,9,5788,0.8,results\cue_conflicts\candidates\pair_04_direction_2_candidate_24.png,pending,,results\cue_conflicts\review_thumbnails\content\pair_04_direction_2_candidate_24.png,results\cue_conflicts\review_thumbnails\style\pair_04_direction_2_candidate_24.png,results\cue_conflicts\review_thumbnails\stylized\pair_04_direction_2_candidate_24.png,True,133
pair_04_direction_2_candidate_25,4,2,horse,6,3292,truck,9,5360,0.8,results\cue_conflicts\candidates\pair_04_direction_2_candidate_25.png,pending,,results\cue_conflicts\review_thumbnails\content\pair_04_direction_2_candidate_25.png,results\cue_conflicts\review_thumbnails\style\pair_04_direction_2_candidate_25.png,results\cue_conflicts\review_thumbnails\stylized\pair_04_direction_2_candidate_25.png,True,134
pair_04_direction_2_candidate_26,4,2,horse,6,2958,truck,9,303,0.8,results\cue_conflicts\candidates\pair_04_direction_2_candidate_26.png,pending,,results\cue_conflicts\review_thumbnails\content\pair_04_direction_2_candidate_26.png,results\cue_conflicts\review_thumbnails\style\pair_04_direction_2_candidate_26.png,results\cue_conflicts\review_thumbnails\stylized\pair_04_direction_2_candidate_26.png,True,135
pair_04_direction_2_candidate_27,4,2,horse,6,7781,truck,9,1468,0.8,results\cue_conflicts\candidates\pair_04_direction_2_candidate_27.png,pending,,results\cue_conflicts\review_thumbnails\content\pair_04_direction_2_candidate_27.png,results\cue_conflicts\review_thumbnails\style\pair_04_direction_2_candidate_27.png,results\cue_conflicts\review_thumbnails\stylized\pair_04_direction_2_candidate_27.png,True,136
pair_04_direction_2_candidate_28,4,2,horse,6,4254,truck,9,2167,0.8,results\cue_conflicts\candidates\pair_04_direction_2_candidate_28.png,pending,,results\cue_conflicts\review_thumbnails\content\pair_04_direction_2_candidate_28.png,results\cue_conflicts\review_thumbnails\style\pair_04_direction_2_candidate_28.png,results\cue_conflicts\review_thumbnails\stylized\pair_04_direction_2_candidate_28.png,True,137
pair_04_direction_2_candidate_29,4,2,horse,6,873,truck,9,5590,0.8,results\cue_conflicts\candidates\pair_04_direction_2_candidate_29.png,pending,,results\cue_conflicts\review_thumbnails\content\pair_04_direction_2_candidate_29.png,results\cue_conflicts\review_thumbnails\style\pair_04_direction_2_candidate_29.png,results\cue_conflicts\review_thumbnails\stylized\pair_04_direction_2_candidate_29.png,True,138
pair_04_direction_2_candidate_30,4,2,horse,6,4827,truck,9,805,0.8,results\cue_conflicts\candidates\pair_04_direction_2_candidate_30.png,pending,,results\cue_conflicts\review_thumbnails\content\pair_04_direction_2_candidate_30.png,results\cue_conflicts\review_thumbnails\style\pair_04_direction_2_candidate_30.png,results\cue_conflicts\review_thumbnails\stylized\pair_04_direction_2_candidate_30.png,True,139
pair_01_direction_2_candidate_01,1,2,monkey,7,4403,airplane,0,3965,0.8,results\cue_conflicts\candidates\pair_01_direction_2_candidate_01.png,pending,,results\cue_conflicts\review_thumbnails\content\pair_01_direction_2_candidate_01.png,results\cue_conflicts\review_thumbnails\style\pair_01_direction_2_candidate_01.png,results\cue_conflicts\review_thumbnails\stylized\pair_01_direction_2_candidate_01.png,True,140
pair_01_direction_2_candidate_02,1,2,monkey,7,4704,airplane,0,7465,0.8,results\cue_conflicts\candidates\pair_01_direction_2_candidate_02.png,pending,,results\cue_conflicts\review_thumbnails\content\pair_01_direction_2_candidate_02.png,results\cue_conflicts\review_thumbnails\style\pair_01_direction_2_candidate_02.png,results\cue_conflicts\review_thumbnails\stylized\pair_01_direction_2_candidate_02.png,True,141
pair_01_direction_2_candidate_04,1,2,monkey,7,3288,airplane,0,484,0.8,results\cue_conflicts\candidates\pair_01_direction_2_candidate_04.png,pending,,results\cue_conflicts\review_thumbnails\content\pair_01_direction_2_candidate_04.png,results\cue_conflicts\review_thumbnails\style\pair_01_direction_2_candidate_04.png,results\cue_conflicts\review_thumbnails\stylized\pair_01_direction_2_candidate_04.png,True,142
pair_01_direction_2_candidate_05,1,2,monkey,7,5848,airplane,0,5478,0.8,results\cue_conflicts\candidates\pair_01_direction_2_candidate_05.png,pending,,results\cue_conflicts\review_thumbnails\content\pair_01_direction_2_candidate_05.png,results\cue_conflicts\review_thumbnails\style\pair_01_direction_2_candidate_05.png,results\cue_conflicts\review_thumbnails\stylized\pair_01_direction_2_candidate_05.png,True,143
pair_01_direction_2_candidate_06,1,2,monkey,7,5436,airplane,0,3347,0.8,results\cue_conflicts\candidates\pair_01_direction_2_candidate_06.png,pending,,results\cue_conflicts\review_thumbnails\content\pair_01_direction_2_candidate_06.png,results\cue_conflicts\review_thumbnails\style\pair_01_direction_2_candidate_06.png,results\cue_conflicts\review_thumbnails\stylized\pair_01_direction_2_candidate_06.png,True,144
pair_01_direction_2_candidate_07,1,2,monkey,7,3867,airplane,0,7373,0.8,results\cue_conflicts\candidates\pair_01_direction_2_candidate_07.png,pending,,results\cue_conflicts\review_thumbnails\content\pair_01_direction_2_candidate_07.png,results\cue_conflicts\review_thumbnails\style\pair_01_direction_2_candidate_07.png,results\cue_conflicts\review_thumbnails\stylized\pair_01_direction_2_candidate_07.png,True,145
pair_01_direction_2_candidate_08,1,2,monkey,7,269,airplane,0,7320,0.8,results\cue_conflicts\candidates\pair_01_direction_2_candidate_08.png,pending,,results\cue_conflicts\review_thumbnails\content\pair_01_direction_2_candidate_08.png,results\cue_conflicts\review_thumbnails\style\pair_01_direction_2_candidate_08.png,results\cue_conflicts\review_thumbnails\stylized\pair_01_direction_2_candidate_08.png,True,146
pair_01_direction_2_candidate_10,1,2,monkey,7,2854,airplane,0,1389,0.8,results\cue_conflicts\candidates\pair_01_direction_2_candidate_10.png,pending,,results\cue_conflicts\review_thumbnails\content\pair_01_direction_2_candidate_10.png,results\cue_conflicts\review_thumbnails\style\pair_01_direction_2_candidate_10.png,results\cue_conflicts\review_thumbnails\stylized\pair_01_direction_2_candidate_10.png,True,147
pair_01_direction_2_candidate_11,1,2,monkey,7,3467,airplane,0,3,0.8,results\cue_conflicts\candidates\pair_01_direction_2_candidate_11.png,pending,,results\cue_conflicts\review_thumbnails\content\pair_01_direction_2_candidate_11.png,results\cue_conflicts\review_thumbnails\style\pair_01_direction_2_candidate_11.png,results\cue_conflicts\review_thumbnails\stylized\pair_01_direction_2_candidate_11.png,True,148
pair_01_direction_2_candidate_12,1,2,monkey,7,7835,airplane,0,5918,0.8,results\cue_conflicts\candidates\pair_01_direction_2_candidate_12.png,pending,,results\cue_conflicts\review_thumbnails\content\pair_01_direction_2_candidate_12.png,results\cue_conflicts\review_thumbnails\style\pair_01_direction_2_candidate_12.png,results\cue_conflicts\review_thumbnails\stylized\pair_01_direction_2_candidate_12.png,True,149
pair_01_direction_2_candidate_13,1,2,monkey,7,6726,airplane,0,7009,0.8,results\cue_conflicts\candidates\pair_01_direction_2_candidate_13.png,pending,,results\cue_conflicts\review_thumbnails\content\pair_01_direction_2_candidate_13.png,results\cue_conflicts\review_thumbnails\style\pair_01_direction_2_candidate_13.png,results\cue_conflicts\review_thumbnails\stylized\pair_01_direction_2_candidate_13.png,True,150
pair_01_direction_2_candidate_14,1,2,monkey,7,1048,airplane,0,6844,0.8,results\cue_conflicts\candidates\pair_01_direction_2_candidate_14.png,pending,,results\cue_conflicts\review_thumbnails\content\pair_01_direction_2_candidate_14.png,results\cue_conflicts\review_thumbnails\style\pair_01_direction_2_candidate_14.png,results\cue_conflicts\review_thumbnails\stylized\pair_01_direction_2_candidate_14.png,True,151
pair_01_direction_2_candidate_15,1,2,monkey,7,323,airplane,0,1596,0.8,results\cue_conflicts\candidates\pair_01_direction_2_candidate_15.png,pending,,results\cue_conflicts\review_thumbnails\content\pair_01_direction_2_candidate_15.png,results\cue_conflicts\review_thumbnails\style\pair_01_direction_2_candidate_15.png,results\cue_conflicts\review_thumbnails\stylized\pair_01_direction_2_candidate_15.png,True,152
pair_01_direction_2_candidate_18,1,2,monkey,7,3542,airplane,0,4893,0.8,results\cue_conflicts\candidates\pair_01_direction_2_candidate_18.png,pending,,results\cue_conflicts\review_thumbnails\content\pair_01_direction_2_candidate_18.png,results\cue_conflicts\review_thumbnails\style\pair_01_direction_2_candidate_18.png,results\cue_conflicts\review_thumbnails\stylized\pair_01_direction_2_candidate_18.png,True,153
pair_01_direction_2_candidate_19,1,2,monkey,7,370,airplane,0,5999,0.8,results\cue_conflicts\candidates\pair_01_direction_2_candidate_19.png,pending,,results\cue_conflicts\review_thumbnails\content\pair_01_direction_2_candidate_19.png,results\cue_conflicts\review_thumbnails\style\pair_01_direction_2_candidate_19.png,results\cue_conflicts\review_thumbnails\stylized\pair_01_direction_2_candidate_19.png,True,154
pair_01_direction_2_candidate_21,1,2,monkey,7,1579,airplane,0,4130,0.8,results\cue_conflicts\candidates\pair_01_direction_2_candidate_21.png,pending,,results\cue_conflicts\review_thumbnails\content\pair_01_direction_2_candidate_21.png,results\cue_conflicts\review_thumbnails\style\pair_01_direction_2_candidate_21.png,results\cue_conflicts\review_thumbnails\stylized\pair_01_direction_2_candidate_21.png,True,155
pair_01_direction_2_candidate_23,1,2,monkey,7,3404,airplane,0,3437,0.8,results\cue_conflicts\candidates\pair_01_direction_2_candidate_23.png,pending,,results\cue_conflicts\review_thumbnails\content\pair_01_direction_2_candidate_23.png,results\cue_conflicts\review_thumbnails\style\pair_01_direction_2_candidate_23.png,results\cue_conflicts\review_thumbnails\stylized\pair_01_direction_2_candidate_23.png,True,156
pair_01_direction_2_candidate_24,1,2,monkey,7,7081,airplane,0,1648,0.8,results\cue_conflicts\candidates\pair_01_direction_2_candidate_24.png,pending,,results\cue_conflicts\review_thumbnails\content\pair_01_direction_2_candidate_24.png,results\cue_conflicts\review_thumbnails\style\pair_01_direction_2_candidate_24.png,results\cue_conflicts\review_thumbnails\stylized\pair_01_direction_2_candidate_24.png,True,157
pair_01_direction_2_candidate_29,1,2,monkey,7,2746,airplane,0,4539,0.8,results\cue_conflicts\candidates\pair_01_direction_2_candidate_29.png,pending,,results\cue_conflicts\review_thumbnails\content\pair_01_direction_2_candidate_29.png,results\cue_conflicts\review_thumbnails\style\pair_01_direction_2_candidate_29.png,results\cue_conflicts\review_thumbnails\stylized\pair_01_direction_2_candidate_29.png,True,158
pair_01_direction_2_candidate_30,1,2,monkey,7,3153,airplane,0,4675,0.8,results\cue_conflicts\candidates\pair_01_direction_2_candidate_30.png,pending,,results\cue_conflicts\review_thumbnails\content\pair_01_direction_2_candidate_30.png,results\cue_conflicts\review_thumbnails\style\pair_01_direction_2_candidate_30.png,results\cue_conflicts\review_thumbnails\stylized\pair_01_direction_2_candidate_30.png,True,159
pair_03_direction_1_candidate_01,3,1,ship,8,5451,cat,3,3562,0.8,results\cue_conflicts\candidates\pair_03_direction_1_candidate_01.png,pending,,results\cue_conflicts\review_thumbnails\content\pair_03_direction_1_candidate_01.png,results\cue_conflicts\review_thumbnails\style\pair_03_direction_1_candidate_01.png,results\cue_conflicts\review_thumbnails\stylized\pair_03_direction_1_candidate_01.png,True,160
pair_03_direction_1_candidate_02,3,1,ship,8,706,cat,3,1531,0.8,results\cue_conflicts\candidates\pair_03_direction_1_candidate_02.png,pending,,results\cue_conflicts\review_thumbnails\content\pair_03_direction_1_candidate_02.png,results\cue_conflicts\review_thumbnails\style\pair_03_direction_1_candidate_02.png,results\cue_conflicts\review_thumbnails\stylized\pair_03_direction_1_candidate_02.png,True,161
pair_03_direction_1_candidate_03,3,1,ship,8,1640,cat,3,4323,0.8,results\cue_conflicts\candidates\pair_03_direction_1_candidate_03.png,pending,,results\cue_conflicts\review_thumbnails\content\pair_03_direction_1_candidate_03.png,results\cue_conflicts\review_thumbnails\style\pair_03_direction_1_candidate_03.png,results\cue_conflicts\review_thumbnails\stylized\pair_03_direction_1_candidate_03.png,True,162
pair_03_direction_1_candidate_07,3,1,ship,8,7818,cat,3,1401,0.8,results\cue_conflicts\candidates\pair_03_direction_1_candidate_07.png,pending,,results\cue_conflicts\review_thumbnails\content\pair_03_direction_1_candidate_07.png,results\cue_conflicts\review_thumbnails\style\pair_03_direction_1_candidate_07.png,results\cue_conflicts\review_thumbnails\stylized\pair_03_direction_1_candidate_07.png,True,163
pair_03_direction_1_candidate_09,3,1,ship,8,5000,cat,3,4590,0.8,results\cue_conflicts\candidates\pair_03_direction_1_candidate_09.png,pending,,results\cue_conflicts\review_thumbnails\content\pair_03_direction_1_candidate_09.png,results\cue_conflicts\review_thumbnails\style\pair_03_direction_1_candidate_09.png,results\cue_conflicts\review_thumbnails\stylized\pair_03_direction_1_candidate_09.png,True,164
pair_03_direction_1_candidate_10,3,1,ship,8,3015,cat,3,3778,0.8,results\cue_conflicts\candidates\pair_03_direction_1_candidate_10.png,pending,,results\cue_conflicts\review_thumbnails\content\pair_03_direction_1_candidate_10.png,results\cue_conflicts\review_thumbnails\style\pair_03_direction_1_candidate_10.png,results\cue_conflicts\review_thumbnails\stylized\pair_03_direction_1_candidate_10.png,True,165
pair_03_direction_1_candidate_11,3,1,ship,8,1954,cat,3,7797,0.8,results\cue_conflicts\candidates\pair_03_direction_1_candidate_11.png,pending,,results\cue_conflicts\review_thumbnails\content\pair_03_direction_1_candidate_11.png,results\cue_conflicts\review_thumbnails\style\pair_03_direction_1_candidate_11.png,results\cue_conflicts\review_thumbnails\stylized\pair_03_direction_1_candidate_11.png,True,166
pair_03_direction_1_candidate_12,3,1,ship,8,2191,cat,3,4881,0.8,results\cue_conflicts\candidates\pair_03_direction_1_candidate_12.png,pending,,results\cue_conflicts\review_thumbnails\content\pair_03_direction_1_candidate_12.png,results\cue_conflicts\review_thumbnails\style\pair_03_direction_1_candidate_12.png,results\cue_conflicts\review_thumbnails\stylized\pair_03_direction_1_candidate_12.png,True,167
pair_03_direction_1_candidate_13,3,1,ship,8,3948,cat,3,3383,0.8,results\cue_conflicts\candidates\pair_03_direction_1_candidate_13.png,pending,,results\cue_conflicts\review_thumbnails\content\pair_03_direction_1_candidate_13.png,results\cue_conflicts\review_thumbnails\style\pair_03_direction_1_candidate_13.png,results\cue_conflicts\review_thumbnails\stylized\pair_03_direction_1_candidate_13.png,True,168
pair_03_direction_1_candidate_16,3,1,ship,8,2109,cat,3,4229,0.8,results\cue_conflicts\candidates\pair_03_direction_1_candidate_16.png,pending,,results\cue_conflicts\review_thumbnails\content\pair_03_direction_1_candidate_16.png,results\cue_conflicts\review_thumbnails\style\pair_03_direction_1_candidate_16.png,results\cue_conflicts\review_thumbnails\stylized\pair_03_direction_1_candidate_16.png,True,169
pair_03_direction_1_candidate_17,3,1,ship,8,4242,cat,3,3851,0.8,results\cue_conflicts\candidates\pair_03_direction_1_candidate_17.png,pending,,results\cue_conflicts\review_thumbnails\content\pair_03_direction_1_candidate_17.png,results\cue_conflicts\review_thumbnails\style\pair_03_direction_1_candidate_17.png,results\cue_conflicts\review_thumbnails\stylized\pair_03_direction_1_candidate_17.png,True,170
pair_03_direction_1_candidate_20,3,1,ship,8,4552,cat,3,1204,0.8,results\cue_conflicts\candidates\pair_03_direction_1_candidate_20.png,pending,,results\cue_conflicts\review_thumbnails\content\pair_03_direction_1_candidate_20.png,results\cue_conflicts\review_thumbnails\style\pair_03_direction_1_candidate_20.png,results\cue_conflicts\review_thumbnails\stylized\pair_03_direction_1_candidate_20.png,True,171
pair_03_direction_1_candidate_21,3,1,ship,8,4069,cat,3,4821,0.8,results\cue_conflicts\candidates\pair_03_direction_1_candidate_21.png,pending,,results\cue_conflicts\review_thumbnails\content\pair_03_direction_1_candidate_21.png,results\cue_conflicts\review_thumbnails\style\pair_03_direction_1_candidate_21.png,results\cue_conflicts\review_thumbnails\stylized\pair_03_direction_1_candidate_21.png,True,172
pair_03_direction_1_candidate_22,3,1,ship,8,2230,cat,3,7793,0.8,results\cue_conflicts\candidates\pair_03_direction_1_candidate_22.png,pending,,results\cue_conflicts\review_thumbnails\content\pair_03_direction_1_candidate_22.png,results\cue_conflicts\review_thumbnails\style\pair_03_direction_1_candidate_22.png,results\cue_conflicts\review_thumbnails\stylized\pair_03_direction_1_candidate_22.png,True,173
pair_03_direction_1_candidate_24,3,1,ship,8,5705,cat,3,2861,0.8,results\cue_conflicts\candidates\pair_03_direction_1_candidate_24.png,pending,,results\cue_conflicts\review_thumbnails\content\pair_03_direction_1_candidate_24.png,results\cue_conflicts\review_thumbnails\style\pair_03_direction_1_candidate_24.png,results\cue_conflicts\review_thumbnails\stylized\pair_03_direction_1_candidate_24.png,True,174
pair_03_direction_1_candidate_26,3,1,ship,8,5694,cat,3,1431,0.8,results\cue_conflicts\candidates\pair_03_direction_1_candidate_26.png,pending,,results\cue_conflicts\review_thumbnails\content\pair_03_direction_1_candidate_26.png,results\cue_conflicts\review_thumbnails\style\pair_03_direction_1_candidate_26.png,results\cue_conflicts\review_thumbnails\stylized\pair_03_direction_1_candidate_26.png,True,175
pair_03_direction_1_candidate_27,3,1,ship,8,667,cat,3,3375,0.8,results\cue_conflicts\candidates\pair_03_direction_1_candidate_27.png,pending,,results\cue_conflicts\review_thumbnails\content\pair_03_direction_1_candidate_27.png,results\cue_conflicts\review_thumbnails\style\pair_03_direction_1_candidate_27.png,results\cue_conflicts\review_thumbnails\stylized\pair_03_direction_1_candidate_27.png,True,176
pair_03_direction_1_candidate_28,3,1,ship,8,2745,cat,3,4609,0.8,results\cue_conflicts\candidates\pair_03_direction_1_candidate_28.png,pending,,results\cue_conflicts\review_thumbnails\content\pair_03_direction_1_candidate_28.png,results\cue_conflicts\review_thumbnails\style\pair_03_direction_1_candidate_28.png,results\cue_conflicts\review_thumbnails\stylized\pair_03_direction_1_candidate_28.png,True,177
pair_03_direction_1_candidate_29,3,1,ship,8,3412,cat,3,672,0.8,results\cue_conflicts\candidates\pair_03_direction_1_candidate_29.png,pending,,results\cue_conflicts\review_thumbnails\content\pair_03_direction_1_candidate_29.png,results\cue_conflicts\review_thumbnails\style\pair_03_direction_1_candidate_29.png,results\cue_conflicts\review_thumbnails\stylized\pair_03_direction_1_candidate_29.png,True,178
pair_03_direction_1_candidate_30,3,1,ship,8,739,cat,3,677,0.8,results\cue_conflicts\candidates\pair_03_direction_1_candidate_30.png,pending,,results\cue_conflicts\review_thumbnails\content\pair_03_direction_1_candidate_30.png,results\cue_conflicts\review_thumbnails\style\pair_03_direction_1_candidate_30.png,results\cue_conflicts\review_thumbnails\stylized\pair_03_direction_1_candidate_30.png,True,179
pair_04_direction_1_candidate_01,4,1,truck,9,1022,horse,6,977,0.8,results\cue_conflicts\candidates\pair_04_direction_1_candidate_01.png,pending,,results\cue_conflicts\review_thumbnails\content\pair_04_direction_1_candidate_01.png,results\cue_conflicts\review_thumbnails\style\pair_04_direction_1_candidate_01.png,results\cue_conflicts\review_thumbnails\stylized\pair_04_direction_1_candidate_01.png,True,180
pair_04_direction_1_candidate_02,4,1,truck,9,239,horse,6,4620,0.8,results\cue_conflicts\candidates\pair_04_direction_1_candidate_02.png,pending,,results\cue_conflicts\review_thumbnails\content\pair_04_direction_1_candidate_02.png,results\cue_conflicts\review_thumbnails\style\pair_04_direction_1_candidate_02.png,results\cue_conflicts\review_thumbnails\stylized\pair_04_direction_1_candidate_02.png,True,181
pair_04_direction_1_candidate_06,4,1,truck,9,3942,horse,6,7108,0.8,results\cue_conflicts\candidates\pair_04_direction_1_candidate_06.png,pending,,results\cue_conflicts\review_thumbnails\content\pair_04_direction_1_candidate_06.png,results\cue_conflicts\review_thumbnails\style\pair_04_direction_1_candidate_06.png,results\cue_conflicts\review_thumbnails\stylized\pair_04_direction_1_candidate_06.png,True,182
pair_04_direction_1_candidate_09,4,1,truck,9,1654,horse,6,2958,0.8,results\cue_conflicts\candidates\pair_04_direction_1_candidate_09.png,pending,,results\cue_conflicts\review_thumbnails\content\pair_04_direction_1_candidate_09.png,results\cue_conflicts\review_thumbnails\style\pair_04_direction_1_candidate_09.png,results\cue_conflicts\review_thumbnails\stylized\pair_04_direction_1_candidate_09.png,True,183
pair_04_direction_1_candidate_10,4,1,truck,9,303,horse,6,5857,0.8,results\cue_conflicts\candidates\pair_04_direction_1_candidate_10.png,pending,,results\cue_conflicts\review_thumbnails\content\pair_04_direction_1_candidate_10.png,results\cue_conflicts\review_thumbnails\style\pair_04_direction_1_candidate_10.png,results\cue_conflicts\review_thumbnails\stylized\pair_04_direction_1_candidate_10.png,True,184
pair_04_direction_1_candidate_11,4,1,truck,9,5284,horse,6,2676,0.8,results\cue_conflicts\candidates\pair_04_direction_1_candidate_11.png,pending,,results\cue_conflicts\review_thumbnails\content\pair_04_direction_1_candidate_11.png,results\cue_conflicts\review_thumbnails\style\pair_04_direction_1_candidate_11.png,results\cue_conflicts\review_thumbnails\stylized\pair_04_direction_1_candidate_11.png,True,185
pair_04_direction_1_candidate_12,4,1,truck,9,2167,horse,6,4827,0.8,results\cue_conflicts\candidates\pair_04_direction_1_candidate_12.png,pending,,results\cue_conflicts\review_thumbnails\content\pair_04_direction_1_candidate_12.png,results\cue_conflicts\review_thumbnails\style\pair_04_direction_1_candidate_12.png,results\cue_conflicts\review_thumbnails\stylized\pair_04_direction_1_candidate_12.png,True,186
pair_04_direction_1_candidate_14,4,1,truck,9,5590,horse,6,1534,0.8,results\cue_conflicts\candidates\pair_04_direction_1_candidate_14.png,pending,,results\cue_conflicts\review_thumbnails\content\pair_04_direction_1_candidate_14.png,results\cue_conflicts\review_thumbnails\style\pair_04_direction_1_candidate_14.png,results\cue_conflicts\review_thumbnails\stylized\pair_04_direction_1_candidate_14.png,True,187
pair_04_direction_1_candidate_16,4,1,truck,9,2655,horse,6,920,0.8,results\cue_conflicts\candidates\pair_04_direction_1_candidate_16.png,pending,,results\cue_conflicts\review_thumbnails\content\pair_04_direction_1_candidate_16.png,results\cue_conflicts\review_thumbnails\style\pair_04_direction_1_candidate_16.png,results\cue_conflicts\review_thumbnails\stylized\pair_04_direction_1_candidate_16.png,True,188
pair_04_direction_1_candidate_18,4,1,truck,9,5447,horse,6,5729,0.8,results\cue_conflicts\candidates\pair_04_direction_1_candidate_18.png,pending,,results\cue_conflicts\review_thumbnails\content\pair_04_direction_1_candidate_18.png,results\cue_conflicts\review_thumbnails\style\pair_04_direction_1_candidate_18.png,results\cue_conflicts\review_thumbnails\stylized\pair_04_direction_1_candidate_18.png,True,189
pair_04_direction_1_candidate_19,4,1,truck,9,2414,horse,6,7996,0.8,results\cue_conflicts\candidates\pair_04_direction_1_candidate_19.png,pending,,results\cue_conflicts\review_thumbnails\content\pair_04_direction_1_candidate_19.png,results\cue_conflicts\review_thumbnails\style\pair_04_direction_1_candidate_19.png,results\cue_conflicts\review_thumbnails\stylized\pair_04_direction_1_candidate_19.png,True,190
pair_04_direction_1_candidate_20,4,1,truck,9,2062,horse,6,7726,0.8,results\cue_conflicts\candidates\pair_04_direction_1_candidate_20.png,pending,,results\cue_conflicts\review_thumbnails\content\pair_04_direction_1_candidate_20.png,results\cue_conflicts\review_thumbnails\style\pair_04_direction_1_candidate_20.png,results\cue_conflicts\review_thumbnails\stylized\pair_04_direction_1_candidate_20.png,True,191
pair_04_direction_1_candidate_21,4,1,truck,9,1836,horse,6,3292,0.8,results\cue_conflicts\candidates\pair_04_direction_1_candidate_21.png,pending,,results\cue_conflicts\review_thumbnails\content\pair_04_direction_1_candidate_21.png,results\cue_conflicts\review_thumbnails\style\pair_04_direction_1_candidate_21.png,results\cue_conflicts\review_thumbnails\stylized\pair_04_direction_1_candidate_21.png,True,192
pair_04_direction_1_candidate_22,4,1,truck,9,4094,horse,6,873,0.8,results\cue_conflicts\candidates\pair_04_direction_1_candidate_22.png,pending,,results\cue_conflicts\review_thumbnails\content\pair_04_direction_1_candidate_22.png,results\cue_conflicts\review_thumbnails\style\pair_04_direction_1_candidate_22.png,results\cue_conflicts\review_thumbnails\stylized\pair_04_direction_1_candidate_22.png,True,193
pair_04_direction_1_candidate_23,4,1,truck,9,5508,horse,6,449,0.8,results\cue_conflicts\candidates\pair_04_direction_1_candidate_23.png,pending,,results\cue_conflicts\review_thumbnails\content\pair_04_direction_1_candidate_23.png,results\cue_conflicts\review_thumbnails\style\pair_04_direction_1_candidate_23.png,results\cue_conflicts\review_thumbnails\stylized\pair_04_direction_1_candidate_23.png,True,194
pair_04_direction_1_candidate_24,4,1,truck,9,7380,horse,6,3844,0.8,results\cue_conflicts\candidates\pair_04_direction_1_candidate_24.png,pending,,results\cue_conflicts\review_thumbnails\content\pair_04_direction_1_candidate_24.png,results\cue_conflicts\review_thumbnails\style\pair_04_direction_1_candidate_24.png,results\cue_conflicts\review_thumbnails\stylized\pair_04_direction_1_candidate_24.png,True,195
pair_04_direction_1_candidate_25,4,1,truck,9,6931,horse,6,4093,0.8,results\cue_conflicts\candidates\pair_04_direction_1_candidate_25.png,pending,,results\cue_conflicts\review_thumbnails\content\pair_04_direction_1_candidate_25.png,results\cue_conflicts\review_thumbnails\style\pair_04_direction_1_candidate_25.png,results\cue_conflicts\review_thumbnails\stylized\pair_04_direction_1_candidate_25.png,True,196
pair_04_direction_1_candidate_27,4,1,truck,9,5851,horse,6,4746,0.8,results\cue_conflicts\candidates\pair_04_direction_1_candidate_27.png,pending,,results\cue_conflicts\review_thumbnails\content\pair_04_direction_1_candidate_27.png,results\cue_conflicts\review_thumbnails\style\pair_04_direction_1_candidate_27.png,results\cue_conflicts\review_thumbnails\stylized\pair_04_direction_1_candidate_27.png,True,197
pair_04_direction_1_candidate_28,4,1,truck,9,4723,horse,6,5382,0.8,results\cue_conflicts\candidates\pair_04_direction_1_candidate_28.png,pending,,results\cue_conflicts\review_thumbnails\content\pair_04_direction_1_candidate_28.png,results\cue_conflicts\review_thumbnails\style\pair_04_direction_1_candidate_28.png,results\cue_conflicts\review_thumbnails\stylized\pair_04_direction_1_candidate_28.png,True,198
pair_04_direction_1_candidate_30,4,1,truck,9,1430,horse,6,7338,0.8,results\cue_conflicts\candidates\pair_04_direction_1_candidate_30.png,pending,,results\cue_conflicts\review_thumbnails\content\pair_04_direction_1_candidate_30.png,results\cue_conflicts\review_thumbnails\style\pair_04_direction_1_candidate_30.png,results\cue_conflicts\review_thumbnails\stylized\pair_04_direction_1_candidate_30.png,True,199
