epoch,train_classification_loss,train_perturbed_loss,train_sharpness_during_training,train_gradient_norm,train_total_loss,art_painting_validation_accuracy,art_painting_validation_macro_f1,cartoon_validation_accuracy,cartoon_validation_macro_f1,photo_validation_accuracy,photo_validation_macro_f1,mean_source_validation_accuracy,worst_source_validation_accuracy,mean_source_validation_macro_f1,worst_source_validation_macro_f1
1,0.6342409578526121,0.9569188670979606,0.3226779092453484,5.724037396602141,0.9569188670979606,0.8585366010665894,0.8624001741409302,0.9104477763175964,0.9182664752006531,0.9371257424354553,0.9276862740516663,0.902036706606547,0.8585366010665894,0.9027843077977499,0.8624001741409302
2,0.24770371644542769,0.5006408158403176,0.25293709939488995,4.184845275858528,0.5006408158403176,0.9024389982223511,0.9092249274253845,0.9317697286605835,0.9398267865180969,0.946107804775238,0.9368728995323181,0.9267721772193909,0.9024389982223511,0.9286415378252665,0.9092249274253845
3,0.15560187856690624,0.37021869780798244,0.2146168192410762,3.32947457397086,0.37021869780798244,0.8999999761581421,0.902882993221283,0.9402984976768494,0.9471736550331116,0.976047933101654,0.9721992611885071,0.9387821356455485,0.8999999761581421,0.9407519698143005,0.902882993221283
4,0.1229929079950397,0.3161008133688289,0.1931079053737892,2.8644653724299536,0.3161008133688289,0.8804877996444702,0.8815302848815918,0.9296375513076782,0.9323453307151794,0.9520958065986633,0.9433633089065552,0.9207403858502706,0.8804877996444702,0.9190796415011088,0.8815302848815918
5,0.08488690739688583,0.2505653000349163,0.16567839263803047,2.332237472009455,0.2505653000349163,0.8975609540939331,0.8959411978721619,0.9509595036506653,0.9563418030738831,0.970059871673584,0.9691175818443298,0.9395267764727274,0.8975609540939331,0.9404668609301249,0.8959411978721619
6,0.05247669905408198,0.18585905267132652,0.13338235361724454,1.6877636257718263,0.18585905267132652,0.9195122122764587,0.9202135801315308,0.9616204500198364,0.9654661417007446,0.9670658707618713,0.9629684686660767,0.9493995110193888,0.9195122122764587,0.949549396832784,0.9202135801315308
7,0.04543248277941607,0.1778102886950613,0.13237780591564524,1.5665281109957614,0.1778102886950613,0.9243902564048767,0.9272671937942505,0.9509595036506653,0.9572464823722839,0.9730538725852966,0.9679320454597473,0.9494678775469462,0.9243902564048767,0.9508152405420939,0.9272671937942505
8,0.03291436099486115,0.15136037127743673,0.11844601028257559,1.3169767373106165,0.15136037127743673,0.8878048658370972,0.8748921155929565,0.9530916810035706,0.9587286114692688,0.9580838084220886,0.9489228129386902,0.9329934517542521,0.8878048658370972,0.9275145133336385,0.8748921155929565
9,0.032805327312129304,0.15936242077404109,0.12655709346191177,1.3381445411369841,0.15936242077404109,0.9048780202865601,0.8968114256858826,0.94669508934021,0.9506319165229797,0.961077868938446,0.95417720079422,0.9375503261884054,0.9048780202865601,0.9338735143343607,0.8968114256858826
10,0.01915396945889339,0.11429050089950618,0.09513653144061279,0.8670768463809011,0.11429050089950618,0.9195122122764587,0.9170659184455872,0.9445629119873047,0.9490372538566589,0.976047933101654,0.9715657830238342,0.9467076857884725,0.9195122122764587,0.9458896517753601,0.9170659184455872
11,0.020605457325278916,0.1198575022813474,0.09925204495606849,0.8634619173458499,0.1198575022813474,0.9219512343406677,0.9215773940086365,0.9722814559936523,0.9747171998023987,0.955089807510376,0.9492380023002625,0.949774165948232,0.9219512343406677,0.9485108653704325,0.9215773940086365
12,0.01582072569608577,0.11094346601500088,0.09512274031891511,0.7941266496976217,0.11094346601500088,0.9024389982223511,0.9027965664863586,0.9594882726669312,0.964446485042572,0.9790419340133667,0.9751992225646973,0.9469897349675497,0.9024389982223511,0.9474807580312093,0.9027965664863586
