epoch,train_classification_loss,train_domain_loss,train_domain_accuracy,train_grl_strength,train_total_loss,art_painting_validation_accuracy,art_painting_validation_macro_f1,cartoon_validation_accuracy,cartoon_validation_macro_f1,photo_validation_accuracy,photo_validation_macro_f1,mean_source_validation_accuracy,mean_source_validation_macro_f1
1,0.46247185485708153,0.4518443647628793,0.8084936091023632,0.08260915400200104,0.9143162153215489,0.8731707317073171,0.859764265899762,0.8784648187633263,0.8788845862671276,0.9341317365269461,0.9238575243617261,0.8952557623325298,0.8875021255095384
2,0.2386192399311938,0.5890048449365501,0.7007656874310257,0.24408614937889642,0.8276240846030732,0.8853658536585366,0.8882778782566064,0.9189765458422174,0.9221390760568439,0.9580838323353293,0.9513867396119661,0.920808743945361,0.920601231308472
3,0.1950667886198777,0.6466120174552641,0.6450320711502662,0.39309897061751015,0.8416788060950418,0.8609756097560975,0.8660469172541775,0.9189765458422174,0.9216256292785598,0.9550898203592815,0.9461825431927158,0.9116806586525321,0.9112850299084844
4,0.130451768685583,0.665170996871769,0.597934492250793,0.5240070630815469,0.7956227665273552,0.9024390243902439,0.9040140846680623,0.9211087420042644,0.9289859029923477,0.9431137724550899,0.9330316758881984,0.9222205129498661,0.9220105545162028
5,0.10504817093586206,0.6803706744287767,0.5727386232624706,0.634123711583934,0.7854188438664135,0.8536585365853658,0.8502161663181754,0.9125799573560768,0.9039657755482112,0.9520958083832335,0.9453791003436283,0.9061114341082254,0.8998536807366717
6,0.11343165315960287,0.6888737586828378,0.5590277949714253,0.7234125291875587,0.8023054131075867,0.7926829268292683,0.7912214172945343,0.8848614072494669,0.8839861254355288,0.9431137724550899,0.931458636743181,0.8735527021779417,0.8688887264910813
7,0.09286139427117593,0.6874437653101407,0.5624109854300817,0.793678900622878,0.7803051604164971,0.9024390243902439,0.8971649313308709,0.9466950959488273,0.9522934054303728,0.9640718562874252,0.9583093710775119,0.9377353255421655,0.9359225692795853
8,0.09035116785700169,0.6877036275517228,0.6018518717625202,0.847682664347522,0.7780547969871097,0.8634146341463415,0.867022842699246,0.9125799573560768,0.9207787335282731,0.9580838323353293,0.9502161179019344,0.9113594746125825,0.9126725647098178
9,0.40091131864420065,0.8261512396936743,0.5607193916017174,0.8884368412188088,1.227062554950388,0.4878048780487805,0.5063577571262724,0.7313432835820896,0.7377451075765951,0.7155688622754491,0.6853133639580109,0.6449056746354397,0.6431387428869594
10,2.210268817905687,0.9421483839933689,0.4975071239929933,0.9187699533879432,3.1524172043189025,0.25853658536585367,0.11151770284220956,0.24946695095948826,0.13489378577377095,0.2934131736526946,0.11086379500432875,0.26713890332601214,0.11909176120676974
11,1.7164831635279534,0.7126787694600912,0.5000890334192504,0.9411150273145538,2.4291619296766753,0.33902439024390246,0.24424946627730595,0.4541577825159915,0.36648727221133487,0.5179640718562875,0.35885853972935283,0.4370487482053938,0.3231984260726646
12,1.3024988024153261,0.6971000198625091,0.5142450211649268,0.957450799251004,1.9995988220231147,0.4268292682926829,0.3618899494982856,0.6119402985074627,0.5750739608116293,0.6407185628742516,0.5482524816559499,0.5598293765581324,0.4950721306552883
