epoch,learning_rate,train_loss,classification_loss,classifier_placeholder_loss,data_placeholder_loss,train_accuracy,validation_loss,validation_accuracy
1,0.001,0.5032594576570723,0.08938420861098502,0.13336793171332942,2.8050731199476453,0.9992888888888889,0.18488499307483436,0.9488
2,0.0009990133642141358,0.3308283527586195,0.10525240999857585,0.014996537166833877,2.1057940198686387,0.9994222222222222,0.18370040648579597,0.9498
3,0.000996057350657239,0.319702157497406,0.1043959856112798,0.012285584520300229,2.0302058381822374,0.9990666666666667,0.18024182672202588,0.9498
4,0.0009911436253643444,0.3111953963941998,0.10310912051598231,0.01094172840466102,1.9714454423692491,0.9994666666666666,0.1882052249714732,0.9496
5,0.0009842915805643156,0.3099538697242737,0.10221169751882553,0.010324957838571734,1.9741721124860976,0.9994666666666666,0.18048122270405292,0.9522
6,0.0009755282581475769,0.30178497197363113,0.10073305582867728,0.01004757545284099,1.9100433709462483,0.9993777777777778,0.18823287678658962,0.9526
7,0.0009648882429441258,0.28866474028428396,0.09868241013553407,0.010234667569233311,1.7974765987502204,0.9995555555555555,0.1816578535169363,0.9512
8,0.0009524135262330099,0.2346196851518419,0.09185094957881504,0.01263500237564246,1.3013373028861153,0.9989777777777777,0.1851310440480709,0.947
9,0.0009381533400219318,0.13430792003803782,0.06147228224542406,0.017638665426936415,0.5519697141038047,0.9982666666666666,0.185126451086998,0.9454
10,0.0009221639627510075,0.1312128176000383,0.053855787380536396,0.016914164584212833,0.6044286454968982,0.9980888888888889,0.19827394738197326,0.943
11,0.0009045084971874736,0.08016462279955545,0.03822706762684716,0.01645837746726142,0.25479177397622005,0.998,0.25228554675579073,0.9328
12,0.0008852566213878945,0.10167202235129144,0.03821100139750375,0.01463526532004277,0.48825754998789894,0.9986666666666667,0.19328120309114455,0.9446
13,0.0008644843137107056,0.1255289852824476,0.046332426448663075,0.013685823171006308,0.6551073454787334,0.9980444444444444,0.26180774765014647,0.9292
14,0.0008422735529643443,0.07918956652548578,0.03067501689394315,0.012672599776751465,0.35841949229240416,0.9987111111111111,0.20998059031963348,0.9406
15,0.0008187119948743448,0.1535934516966343,0.05314736831088861,0.01130688731322686,0.8913919452877508,0.9980444444444444,0.20958796792030335,0.9382
16,0.0007938926261462366,0.0987305465095573,0.03934646506607532,0.011752325102686883,0.4763175559292237,0.9987111111111111,0.2957679029941559,0.9264
17,0.0007679133974894982,0.07999412843651242,0.0313979116068946,0.012481953060958121,0.3611426355229484,0.9987111111111111,0.3378794261932373,0.921
18,0.0007408768370508576,0.047199952640136086,0.023276953015062544,0.011576724060707621,0.12346275587826967,0.9989333333333333,0.28614928135871887,0.9312
19,0.0007128896457825362,0.04789196821318732,0.021363864754305944,0.011315813041395612,0.15212290168272125,0.9988,0.3468865431785583,0.927
20,0.0006840622763423389,0.054602864095899796,0.021637501556343502,0.010321150422096253,0.22644211614661747,0.9988444444444444,0.26612144145965577,0.9372
21,0.0006545084971874735,0.03671837136414316,0.017952077037096024,0.00991669714351495,0.08849596966637506,0.9989333333333333,0.27795837373733523,0.9324
22,0.0006243449435824271,0.03593776573340098,0.015647929184801047,0.009110387006733153,0.1117944955214858,0.9992444444444445,0.3663566432952881,0.9252
23,0.0005936906572928622,0.2803651588175032,0.07890944636530346,0.008157447376598915,1.9329826173464457,0.9975111111111111,0.25006649792790414,0.945
24,0.000562666616782152,0.21973752446903122,0.08054612029525969,0.006248004458927446,1.329433977658219,0.9985333333333334,0.22721758243143558,0.942
25,0.0005313952597646566,0.07456907951235771,0.03400871600442462,0.008901863428039683,0.3165849968459871,0.9990222222222223,0.213258742749691,0.9402
26,0.0004999999999999998,0.05688377544184526,0.025843180990550253,0.009484424791236718,0.21556169231103525,0.9990222222222223,0.24674268414974213,0.9368
27,0.00046860474023534314,0.048383628723025325,0.022198590580622356,0.00923447433685263,0.16950563460787138,0.9992444444444445,0.23469805793762208,0.9382
28,0.00043733338321784774,0.05528328312304285,0.021722450451056162,0.00897743521788054,0.2458339725073841,0.9993333333333333,0.2433800109028816,0.9392
29,0.00040630934270713756,0.04205436487727695,0.017484040084812375,0.008682804176790846,0.15887520169781313,0.9990222222222223,0.23820762784481048,0.941
30,0.00037565505641757246,0.04156998955408732,0.016877528547578388,0.00807130573325687,0.16621154765453602,0.9992444444444445,0.25044798023700715,0.9416
31,0.00034549150281252633,0.04459135841959053,0.01699324862004982,0.007479749587095446,0.20118359709853928,0.9994666666666666,0.392780167388916,0.9196
32,0.00031593772365766105,0.039582409217622544,0.01625325719250573,0.008246246726645364,0.15082904931571747,0.9992,0.3049673868179321,0.932
33,0.00028711035421746355,0.029774982730547586,0.013715530987580618,0.007416985077659289,0.08642466627458731,0.9994666666666666,0.3536412288665772,0.9306
34,0.0002591231629491422,0.03871104578971863,0.015097061715192265,0.007713772463632955,0.1590021127920184,0.9992,0.44754994502067563,0.9146
35,0.00023208660251050145,0.025408591431544888,0.011813465726458364,0.007018604011916452,0.06576521510448721,0.9995555555555555,0.2859277160167694,0.9402
36,0.00020610737385376337,0.025500943111048804,0.012627762120382654,0.007084878070486917,0.05788302821583218,0.9994222222222222,0.32151766812801363,0.935
37,0.00018128800512565502,0.03394985241459476,0.013289795521232817,0.0067632521662447185,0.13896804449848002,0.9994222222222222,0.41334156103134156,0.919
38,0.00015772644703565555,0.028334273727569314,0.011540990878393253,0.006571671493889557,0.1022161111999717,0.9996444444444444,0.34957102446556093,0.932
39,0.00013551568628929425,0.023380793339014053,0.011149074240691132,0.006775046065118578,0.054566730836944445,0.9994666666666666,0.49713147678375247,0.9042
40,0.00011474337861210535,0.02679901333451271,0.011992752384808328,0.006862877852138545,0.07943382982437809,0.9994666666666666,0.43822887783050535,0.9156
41,9.549150281252626e-05,0.02902208106070757,0.013050586893906197,0.007084464931901958,0.08887029068312711,0.9992,0.4725093981742859,0.9076
42,7.783603724899252e-05,0.020371805873844358,0.009393211210270723,0.006558505674037669,0.0442008885897696,0.9996,0.49035328092575076,0.9096
43,6.184665997806817e-05,0.019577948426538042,0.009654618824852837,0.0064762144299017055,0.03447115207496616,0.9996444444444444,0.43473779964447024,0.9204
44,4.7586473766990294e-05,0.024344829619261953,0.00919764264308744,0.006229959558778339,0.08917227253086037,0.9997777777777778,0.38788251123428347,0.9244
45,3.5111757055874305e-05,0.019695649454328747,0.009603099459078578,0.006324142048011223,0.03768407914009359,0.9997333333333334,0.43846229548454285,0.9178
46,2.4471741852423218e-05,0.022667531961037053,0.010021267672710948,0.006315417487588194,0.06330846610963345,0.9997333333333334,0.3627072290420532,0.9306
47,1.5708419435684507e-05,0.024767677195370198,0.00962162840043505,0.006170896110973424,0.08975152389374044,0.9997777777777778,0.315783910369873,0.9368
48,8.856374635655634e-06,0.01972587300075425,0.010280890588296784,0.0063088722670243845,0.03136110132758816,0.9997777777777778,0.43231309967041015,0.9184
49,3.942649342761115e-06,0.021886915374961163,0.009156056256261137,0.006115496612671349,0.06615362324681547,0.9998222222222222,0.4629634780406952,0.9134
50,9.866357858642198e-07,0.0173746645046605,0.009241377078824574,0.006140700512793329,0.01992586965809266,0.9997777777777778,0.438417130279541,0.9172
