group,unknown_class,Vanilla MLS,GCSC MLS,PROSER MLS,PROSER Placeholder
near,bus,87.99999952316284,80.0000011920929,86.00000143051147,87.99999952316284
near,pickup_truck,89.99999761581421,92.00000166893005,91.00000262260437,93.00000071525574
near,motorcycle,44.999998807907104,23.000000417232513,55.000001192092896,58.99999737739563
near,tractor,57.999998331069946,46.99999988079071,60.00000238418579,67.00000166893005
near,wolf,76.99999809265137,70.99999785423279,79.00000214576721,85.00000238418579
near,fox,66.00000262260437,72.00000286102295,67.00000166893005,70.99999785423279
near,leopard,62.99999952316284,60.00000238418579,67.00000166893005,67.00000166893005
near,camel,56.00000023841858,55.000001192092896,50.999999046325684,60.00000238418579
far,bottle,31.999999284744263,28.00000011920929,43.99999976158142,49.000000953674316
far,bowl,40.99999964237213,49.000000953674316,51.99999809265137,49.000000953674316
far,chair,41.999998688697815,34.00000035762787,47.999998927116394,51.99999809265137
far,clock,36.000001430511475,34.99999940395355,44.999998807907104,43.99999976158142
far,keyboard,37.00000047683716,43.00000071525574,43.00000071525574,47.999998927116394
far,mushroom,57.999998331069946,46.00000083446503,62.00000047683716,67.00000166893005
far,sunflower,41.999998688697815,37.99999952316284,46.99999988079071,56.99999928474426
far,wardrobe,56.00000023841858,62.99999952316284,74.00000095367432,73.00000190734863
