model,dataset_index,class_index,class_name,tsne_1,tsne_2
ResNet-50,3,0,airplane,27.395636,-10.126687
ResNet-50,42,0,airplane,26.58268,-14.68023
ResNet-50,81,0,airplane,25.47619,-10.205365
ResNet-50,484,0,airplane,30.139004,-2.7508464
ResNet-50,562,0,airplane,24.427328,-10.282114
ResNet-50,1175,0,airplane,23.508917,-12.243365
ResNet-50,1389,0,airplane,25.672476,-11.814402
ResNet-50,1553,0,airplane,27.332777,-13.65537
ResNet-50,1596,0,airplane,29.942987,-2.3622816
ResNet-50,1648,0,airplane,25.263643,-13.037138
ResNet-50,1977,0,airplane,22.543657,-11.903424
ResNet-50,2024,0,airplane,24.604294,-3.4175177
ResNet-50,2242,0,airplane,28.436157,-2.165646
ResNet-50,2750,0,airplane,29.118895,-3.0437577
ResNet-50,2888,0,airplane,27.889668,-13.381037
ResNet-50,3025,0,airplane,24.135176,-8.791975
ResNet-50,3083,0,airplane,29.25473,-1.8832874
ResNet-50,3347,0,airplane,22.3873,-9.561879
ResNet-50,3437,0,airplane,28.876953,-3.0387585
ResNet-50,3455,0,airplane,22.884855,-11.125884
ResNet-50,3876,0,airplane,28.134998,-1.3585136
ResNet-50,3965,0,airplane,24.168818,-13.573393
ResNet-50,4130,0,airplane,25.283867,-11.836937
ResNet-50,4399,0,airplane,23.433386,-9.500119
ResNet-50,4539,0,airplane,21.954277,-10.132198
ResNet-50,4615,0,airplane,22.280346,-12.870109
ResNet-50,4617,0,airplane,21.552296,-9.456654
ResNet-50,4675,0,airplane,24.152662,-12.883573
ResNet-50,4785,0,airplane,27.152271,-11.098439
ResNet-50,4819,0,airplane,21.929913,-9.294565
ResNet-50,4893,0,airplane,23.558945,-13.8199
ResNet-50,5117,0,airplane,21.824245,-11.288415
ResNet-50,5478,0,airplane,24.610117,-3.3129435
ResNet-50,5912,0,airplane,23.97402,-10.303145
ResNet-50,5918,0,airplane,23.743746,-11.230903
ResNet-50,5999,0,airplane,24.421362,-11.296809
ResNet-50,6437,0,airplane,24.369759,-14.579412
ResNet-50,6455,0,airplane,24.55081,-3.7752306
ResNet-50,6609,0,airplane,21.911425,-8.262355
ResNet-50,6844,0,airplane,22.280117,-11.990558
ResNet-50,6986,0,airplane,30.195654,-3.0308514
ResNet-50,7009,0,airplane,27.118683,-12.173539
ResNet-50,7150,0,airplane,23.434145,-12.88365
ResNet-50,7262,0,airplane,22.165428,-10.303323
ResNet-50,7309,0,airplane,26.964956,-13.15704
ResNet-50,7320,0,airplane,26.193895,-12.245859
ResNet-50,7372,0,airplane,24.500923,-13.847439
ResNet-50,7373,0,airplane,27.750645,-13.125542
ResNet-50,7465,0,airplane,26.350798,-13.199188
ResNet-50,7634,0,airplane,23.140236,-13.964379
ResNet-50,95,1,bird,-31.058367,-9.973887
ResNet-50,116,1,bird,-27.194212,-11.533158
ResNet-50,198,1,bird,-26.231293,-6.9676147
ResNet-50,261,1,bird,-27.80902,-15.14707
ResNet-50,304,1,bird,-26.088455,-8.241349
ResNet-50,825,1,bird,-27.403324,-14.5564785
ResNet-50,1090,1,bird,-27.276293,-14.590174
ResNet-50,1109,1,bird,-27.088442,-11.451191
ResNet-50,1115,1,bird,-27.702679,-9.6885
ResNet-50,1230,1,bird,-27.997055,-13.371783
ResNet-50,1436,1,bird,-23.573303,-13.892352
ResNet-50,1568,1,bird,-22.80469,-6.89548
ResNet-50,1852,1,bird,-29.625235,-10.008439
ResNet-50,1871,1,bird,-11.236878,-5.75764
ResNet-50,1986,1,bird,-12.189097,-6.263351
ResNet-50,1993,1,bird,-29.752197,-9.357039
ResNet-50,2070,1,bird,-26.968914,-6.8888593
ResNet-50,2095,1,bird,-27.074701,-7.695285
ResNet-50,2116,1,bird,-19.276016,-3.5149114
ResNet-50,2157,1,bird,-27.36158,-8.569614
ResNet-50,2178,1,bird,-27.976873,-10.7430105
ResNet-50,2687,1,bird,-29.047575,-9.839322
ResNet-50,2690,1,bird,-30.436071,-8.7635145
ResNet-50,3079,1,bird,-23.836727,-14.035662
ResNet-50,3413,1,bird,-30.330627,-9.79405
ResNet-50,3491,1,bird,-28.497955,-8.810272
ResNet-50,3550,1,bird,-25.869518,-11.73009
ResNet-50,3937,1,bird,-30.353504,-12.030068
ResNet-50,4298,1,bird,-29.903315,-10.512401
ResNet-50,4640,1,bird,-28.789013,-7.063347
ResNet-50,5092,1,bird,-24.09688,-13.710055
ResNet-50,5123,1,bird,-27.697706,-13.918637
ResNet-50,5220,1,bird,-25.364594,-7.5855527
ResNet-50,5256,1,bird,-30.337797,-12.077509
ResNet-50,5488,1,bird,-29.679472,4.1097703
ResNet-50,5560,1,bird,-12.00016,-6.3393545
ResNet-50,6076,1,bird,-30.74661,-10.619046
ResNet-50,6169,1,bird,-26.59187,-12.427804
ResNet-50,6349,1,bird,-28.692099,-8.387984
ResNet-50,6594,1,bird,-26.74391,-12.714552
ResNet-50,6733,1,bird,-12.111377,-6.2396526
ResNet-50,6805,1,bird,-27.618605,-15.00938
ResNet-50,6836,1,bird,-22.701763,-14.29943
ResNet-50,6938,1,bird,-30.065573,-10.270739
ResNet-50,6954,1,bird,-26.578983,-7.626015
ResNet-50,7029,1,bird,-23.025415,-14.218863
ResNet-50,7033,1,bird,-28.244074,-8.363992
ResNet-50,7202,1,bird,-22.363964,-14.309807
ResNet-50,7390,1,bird,-28.940449,-12.622085
ResNet-50,7955,1,bird,-30.631136,-9.50737
ResNet-50,35,2,car,23.327715,14.26098
ResNet-50,49,2,car,24.094246,14.342337
ResNet-50,317,2,car,20.336302,12.432294
ResNet-50,409,2,car,22.490484,16.847315
ResNet-50,470,2,car,23.63326,20.371613
ResNet-50,483,2,car,20.78368,10.728644
ResNet-50,714,2,car,20.175692,9.491954
ResNet-50,981,2,car,18.4068,13.448382
ResNet-50,1202,2,car,20.053051,12.165047
ResNet-50,1403,2,car,21.578554,15.514181
ResNet-50,1520,2,car,23.784946,16.9724
ResNet-50,1586,2,car,19.009264,14.75605
ResNet-50,1814,2,car,24.144043,13.946285
ResNet-50,1839,2,car,18.518126,14.031407
ResNet-50,2082,2,car,21.178585,10.779434
ResNet-50,2392,2,car,22.601564,14.21373
ResNet-50,2502,2,car,23.207134,20.765703
ResNet-50,3024,2,car,23.155508,13.13949
ResNet-50,3067,2,car,24.369196,14.935828
ResNet-50,3163,2,car,21.26525,14.856954
ResNet-50,3362,2,car,23.305445,21.14337
ResNet-50,3454,2,car,19.887121,14.367393
ResNet-50,3755,2,car,18.919115,16.191061
ResNet-50,4065,2,car,21.583372,16.854612
ResNet-50,4735,2,car,23.948847,13.232733
ResNet-50,4913,2,car,22.634115,13.061097
ResNet-50,4921,2,car,19.006922,15.786429
ResNet-50,5030,2,car,23.74468,21.075296
ResNet-50,5183,2,car,24.045797,20.72
ResNet-50,5218,2,car,23.970413,21.100548
ResNet-50,5237,2,car,21.323898,11.349778
ResNet-50,5318,2,car,20.536327,9.977014
ResNet-50,5333,2,car,21.220638,14.022424
ResNet-50,5395,2,car,21.505386,16.16249
ResNet-50,5512,2,car,33.049385,6.3876143
ResNet-50,5677,2,car,20.84732,15.566236
ResNet-50,5756,2,car,22.384483,15.989436
ResNet-50,5824,2,car,18.37191,16.45125
ResNet-50,6028,2,car,18.828022,14.269545
ResNet-50,6244,2,car,20.198689,13.8093605
ResNet-50,6264,2,car,20.240217,15.54273
ResNet-50,6271,2,car,24.17768,20.112902
ResNet-50,6332,2,car,24.576992,12.801464
ResNet-50,6354,2,car,19.340752,13.349567
ResNet-50,6426,2,car,21.871912,15.08902
ResNet-50,6503,2,car,23.449438,12.9218645
ResNet-50,6616,2,car,21.030716,13.116212
ResNet-50,6692,2,car,21.388178,12.297219
ResNet-50,7084,2,car,20.529991,16.456158
ResNet-50,7425,2,car,22.837923,15.4391165
ResNet-50,176,3,cat,-19.430162,-3.6795726
ResNet-50,365,3,cat,-15.420655,-6.862782
ResNet-50,372,3,cat,-16.314913,-4.3430667
ResNet-50,391,3,cat,-18.290071,-2.8516166
ResNet-50,632,3,cat,-19.14513,-4.3202376
ResNet-50,672,3,cat,-17.666405,-3.3174658
ResNet-50,677,3,cat,-17.266739,-7.340322
ResNet-50,738,3,cat,-10.382145,-7.392903
ResNet-50,791,3,cat,-17.6661,-6.912952
ResNet-50,979,3,cat,-15.733012,-8.003507
ResNet-50,1204,3,cat,-20.072083,-2.9497986
ResNet-50,1263,3,cat,-16.924072,-0.32444328
ResNet-50,1370,3,cat,-15.452083,-6.986232
ResNet-50,1401,3,cat,-17.525646,-4.880553
ResNet-50,1431,3,cat,-13.517672,-9.994704
ResNet-50,1531,3,cat,-14.530419,0.3253684
ResNet-50,1563,3,cat,-22.214876,0.26035622
ResNet-50,2028,3,cat,-16.415493,-3.3794396
ResNet-50,2291,3,cat,-21.059685,-0.1693051
ResNet-50,2536,3,cat,-20.591436,-3.2047637
ResNet-50,2539,3,cat,-20.280716,-5.606782
ResNet-50,2754,3,cat,-18.909927,-1.8088299
ResNet-50,2861,3,cat,-17.194239,-5.3884163
ResNet-50,3276,3,cat,-16.24997,1.131613
ResNet-50,3375,3,cat,-14.8680525,0.19909246
ResNet-50,3383,3,cat,-18.545374,-1.2883667
ResNet-50,3562,3,cat,-15.664324,0.9066897
ResNet-50,3778,3,cat,-15.136,-11.562119
ResNet-50,3851,3,cat,-14.614467,-9.813162
ResNet-50,3914,3,cat,-18.778175,-1.8572307
ResNet-50,4023,3,cat,-15.856297,0.5097253
ResNet-50,4168,3,cat,-17.242561,-7.4389014
ResNet-50,4215,3,cat,-25.56941,-6.3230705
ResNet-50,4229,3,cat,-18.200256,-4.335835
ResNet-50,4323,3,cat,-15.136068,-7.9600945
ResNet-50,4330,3,cat,-11.419106,4.2166405
ResNet-50,4463,3,cat,-17.79522,-5.8411856
ResNet-50,4531,3,cat,-16.678951,-0.13225314
ResNet-50,4590,3,cat,-17.833221,-5.2237005
ResNet-50,4609,3,cat,-20.647863,-1.6363686
ResNet-50,4821,3,cat,-17.36203,-8.671809
ResNet-50,4881,3,cat,-21.428783,-3.1351886
ResNet-50,4908,3,cat,-19.197456,-5.1146526
ResNet-50,5528,3,cat,-14.465435,-8.058472
ResNet-50,6490,3,cat,-20.99539,-4.294396
ResNet-50,6952,3,cat,-15.477033,-5.400686
ResNet-50,7416,3,cat,-14.255347,-10.324887
ResNet-50,7744,3,cat,-13.286819,-10.02502
ResNet-50,7793,3,cat,-10.325046,-9.720268
ResNet-50,7797,3,cat,-19.292658,-1.3086852
ResNet-50,171,4,deer,-7.4812393,8.479333
ResNet-50,506,4,deer,-12.360225,10.143069
ResNet-50,691,4,deer,-10.997046,9.957366
ResNet-50,766,4,deer,-4.8414464,-1.2113824
ResNet-50,855,4,deer,-1.9880403,4.3523602
ResNet-50,1111,4,deer,-3.8582778,7.955028
ResNet-50,1124,4,deer,-10.544421,8.0943985
ResNet-50,1211,4,deer,-6.7342916,9.952917
ResNet-50,1266,4,deer,-11.269399,8.290803
ResNet-50,1429,4,deer,-8.746452,5.561843
ResNet-50,1960,4,deer,-10.9604225,1.2813933
ResNet-50,2399,4,deer,-6.342215,11.397962
ResNet-50,2704,4,deer,-11.511229,8.74942
ResNet-50,2757,4,deer,-6.8149858,4.971394
ResNet-50,2898,4,deer,-6.3785434,9.364743
ResNet-50,3034,4,deer,-8.044314,9.19345
ResNet-50,3078,4,deer,-10.729147,10.27214
ResNet-50,3122,4,deer,-10.729208,9.568612
ResNet-50,3179,4,deer,-5.0472827,7.093058
ResNet-50,3287,4,deer,-6.5482087,8.285192
ResNet-50,3365,4,deer,-4.6971555,7.1250553
ResNet-50,3458,4,deer,-8.065747,10.9682865
ResNet-50,3512,4,deer,-8.3305,8.82565
ResNet-50,3763,4,deer,-6.2453938,10.624945
ResNet-50,3891,4,deer,-10.523588,8.964375
ResNet-50,3994,4,deer,-9.000648,9.869561
ResNet-50,4054,4,deer,-4.2946234,8.675482
ResNet-50,4629,4,deer,-9.6717205,8.221312
ResNet-50,4642,4,deer,-9.532722,9.13031
ResNet-50,4740,4,deer,-5.043971,9.143405
ResNet-50,5062,4,deer,-9.425187,9.741978
ResNet-50,5077,4,deer,-4.9540644,8.108589
ResNet-50,5135,4,deer,-11.497791,11.16449
ResNet-50,5213,4,deer,-5.8063617,9.070465
ResNet-50,5402,4,deer,-3.8285942,9.3317995
ResNet-50,5467,4,deer,-5.6167817,9.890806
ResNet-50,5556,4,deer,-5.6955924,10.098305
ResNet-50,5623,4,deer,-5.4009547,11.175144
ResNet-50,5789,4,deer,-5.9017935,7.0790033
ResNet-50,6033,4,deer,-7.4659915,7.722933
ResNet-50,6097,4,deer,-3.907331,9.111613
ResNet-50,6288,4,deer,-10.20055,11.039617
ResNet-50,6508,4,deer,-5.0750437,8.418076
ResNet-50,6528,4,deer,-10.011656,12.41265
ResNet-50,7475,4,deer,-4.8757925,10.446788
ResNet-50,7610,4,deer,-9.598539,10.786483
ResNet-50,7692,4,deer,-8.131645,6.494104
ResNet-50,7864,4,deer,-3.9773607,9.788001
ResNet-50,7940,4,deer,-7.857792,9.886298
ResNet-50,7944,4,deer,-10.6348095,6.543137
ResNet-50,97,5,dog,-12.852451,-12.083683
ResNet-50,319,5,dog,-8.616497,-9.316825
ResNet-50,378,5,dog,-14.316079,-12.12798
ResNet-50,568,5,dog,-13.968626,-12.522988
ResNet-50,645,5,dog,-8.740885,-2.111424
ResNet-50,685,5,dog,-7.7648473,-6.5156393
ResNet-50,1095,5,dog,-4.174626,-9.79945
ResNet-50,1552,5,dog,-6.104108,-5.065222
ResNet-50,1626,5,dog,-9.315046,-3.3499255
ResNet-50,1644,5,dog,-6.9115047,-9.601542
ResNet-50,1877,5,dog,-5.042917,-5.7067633
ResNet-50,2265,5,dog,-6.1580563,-5.086734
ResNet-50,2268,5,dog,-14.090729,-12.175635
ResNet-50,2334,5,dog,-3.714944,-6.2495956
ResNet-50,2391,5,dog,-8.377922,1.6856359
ResNet-50,2427,5,dog,-4.1844163,-6.8133535
ResNet-50,2458,5,dog,-8.610976,-0.15163209
ResNet-50,2623,5,dog,-7.8244433,-2.813251
ResNet-50,2766,5,dog,-13.018812,-11.792274
ResNet-50,2807,5,dog,-25.20103,-1.2877927
ResNet-50,2950,5,dog,-12.145921,-4.3823853
ResNet-50,3353,5,dog,-10.514822,-5.631715
ResNet-50,3852,5,dog,-9.887219,-3.6387084
ResNet-50,3863,5,dog,-4.2455015,-10.187648
ResNet-50,3889,5,dog,-11.505061,-10.487264
ResNet-50,4106,5,dog,-8.538442,0.066144705
ResNet-50,4290,5,dog,-8.364285,1.9779466
ResNet-50,4547,5,dog,-8.992612,-9.365367
ResNet-50,4570,5,dog,-4.14625,-6.836751
ResNet-50,4850,5,dog,-8.117477,-3.182987
ResNet-50,4953,5,dog,-7.912516,-9.251565
ResNet-50,4966,5,dog,-10.001706,-8.252679
ResNet-50,5101,5,dog,-7.528336,-8.532807
ResNet-50,5332,5,dog,-9.455558,-2.2708528
ResNet-50,5381,5,dog,-7.966932,-5.3813334
ResNet-50,5496,5,dog,-8.210596,-10.407006
ResNet-50,5701,5,dog,-12.004928,-3.5623858
ResNet-50,5924,5,dog,-4.132489,-6.200569
ResNet-50,6224,5,dog,-4.211781,-6.6069913
ResNet-50,6358,5,dog,-7.705112,-2.1674998
ResNet-50,6414,5,dog,-10.020111,-8.688507
ResNet-50,6716,5,dog,-9.568634,-9.830457
ResNet-50,6922,5,dog,-8.719271,-1.4662466
ResNet-50,6989,5,dog,-6.254894,-10.278123
ResNet-50,7041,5,dog,-11.013161,-9.908166
ResNet-50,7130,5,dog,-5.289998,-10.5812845
ResNet-50,7413,5,dog,-13.331202,-12.395254
ResNet-50,7474,5,dog,-8.434248,-6.0849395
ResNet-50,7706,5,dog,-8.824477,-6.1665635
ResNet-50,7776,5,dog,-5.718651,-10.557537
ResNet-50,449,6,horse,1.6229489,-1.7270645
ResNet-50,545,6,horse,6.667592,1.1454026
ResNet-50,873,6,horse,-4.2326803,1.9175638
ResNet-50,890,6,horse,1.7760315,-2.129185
ResNet-50,920,6,horse,-3.5167239,2.0306976
ResNet-50,929,6,horse,-1.4394466,-0.3730922
ResNet-50,964,6,horse,2.3005607,4.117098
ResNet-50,977,6,horse,2.8546882,-3.1301088
ResNet-50,1534,6,horse,5.371786,3.6949396
ResNet-50,1667,6,horse,5.4722376,3.575266
ResNet-50,2003,6,horse,1.1476879,-1.6020254
ResNet-50,2610,6,horse,-0.32667243,4.7245746
ResNet-50,2676,6,horse,4.30573,3.5085578
ResNet-50,2958,6,horse,2.760858,-2.8016717
ResNet-50,3191,6,horse,6.0893297,1.3164859
ResNet-50,3292,6,horse,4.0138106,2.8155048
ResNet-50,3418,6,horse,3.984457,-3.3631666
ResNet-50,3494,6,horse,4.661058,-2.5103261
ResNet-50,3515,6,horse,-2.2877183,3.664609
ResNet-50,3777,6,horse,2.6465082,-2.0129554
ResNet-50,3779,6,horse,-3.2170548,2.250585
ResNet-50,3844,6,horse,2.4778883,-0.88656676
ResNet-50,3962,6,horse,-1.0478741,0.46629804
ResNet-50,4011,6,horse,1.7185147,0.41726017
ResNet-50,4093,6,horse,2.141231,4.2368846
ResNet-50,4254,6,horse,-0.77738285,-0.35697132
ResNet-50,4341,6,horse,3.2343552,-2.5848227
ResNet-50,4411,6,horse,3.7904348,3.0973628
ResNet-50,4620,6,horse,3.2729142,1.6433644
ResNet-50,4731,6,horse,2.882918,-3.717216
ResNet-50,4746,6,horse,-2.02882,2.3200433
ResNet-50,4754,6,horse,0.7516677,-0.918023
ResNet-50,4827,6,horse,2.9321096,0.40930098
ResNet-50,5082,6,horse,3.6203327,-3.8480256
ResNet-50,5382,6,horse,4.6353683,1.8455839
ResNet-50,5408,6,horse,-2.4429572,1.028989
ResNet-50,5580,6,horse,0.2077725,-0.35612354
ResNet-50,5729,6,horse,1.4967352,-0.9216422
ResNet-50,5857,6,horse,-0.93776715,5.1700053
ResNet-50,5858,6,horse,-2.795253,3.5176103
ResNet-50,6381,6,horse,5.4806404,2.261856
ResNet-50,6713,6,horse,5.4972496,2.184492
ResNet-50,7108,6,horse,1.0656782,1.2584298
ResNet-50,7338,6,horse,-0.033211533,2.5352623
ResNet-50,7555,6,horse,6.291785,0.9084
ResNet-50,7600,6,horse,3.711186,-2.1352677
ResNet-50,7726,6,horse,0.4729097,0.06269902
ResNet-50,7779,6,horse,3.8530502,0.90779907
ResNet-50,7781,6,horse,-1.8376777,2.0072477
ResNet-50,7996,6,horse,3.7098396,-2.7355196
ResNet-50,29,7,monkey,-27.960464,4.793466
ResNet-50,269,7,monkey,-25.787642,3.467972
ResNet-50,323,7,monkey,-24.791447,4.612407
ResNet-50,370,7,monkey,-26.037561,6.344661
ResNet-50,1032,7,monkey,-29.582663,0.19087227
ResNet-50,1048,7,monkey,-25.465477,6.5721474
ResNet-50,1220,7,monkey,-32.67321,7.9578795
ResNet-50,1287,7,monkey,-32.703327,9.30146
ResNet-50,1296,7,monkey,-26.576101,1.1432018
ResNet-50,1440,7,monkey,-24.880064,5.083187
ResNet-50,1473,7,monkey,-29.9672,3.8223355
ResNet-50,1579,7,monkey,-30.601542,4.996836
ResNet-50,1703,7,monkey,-33.615673,7.9960847
ResNet-50,1711,7,monkey,-30.635746,5.0290914
ResNet-50,1771,7,monkey,-23.844458,4.251372
ResNet-50,1884,7,monkey,-30.390265,0.07246513
ResNet-50,1927,7,monkey,-26.662664,5.4084096
ResNet-50,1956,7,monkey,-10.426344,-5.534467
ResNet-50,2501,7,monkey,-26.652237,5.089248
ResNet-50,2668,7,monkey,-32.543903,8.736097
ResNet-50,2746,7,monkey,-29.099552,4.451985
ResNet-50,2854,7,monkey,-31.712591,7.9511595
ResNet-50,3153,7,monkey,-32.110725,8.64031
ResNet-50,3288,7,monkey,-33.14299,8.729034
ResNet-50,3404,7,monkey,-26.847044,6.398593
ResNet-50,3446,7,monkey,-26.253466,1.2492634
ResNet-50,3467,7,monkey,-25.806412,2.4707627
ResNet-50,3542,7,monkey,-26.091534,5.7236967
ResNet-50,3867,7,monkey,-26.904686,4.1079063
ResNet-50,4172,7,monkey,-32.09819,9.079172
ResNet-50,4236,7,monkey,-30.75918,0.6330792
ResNet-50,4308,7,monkey,-26.737862,3.1557164
ResNet-50,4403,7,monkey,-27.414219,5.741935
ResNet-50,4661,7,monkey,-27.935978,3.341277
ResNet-50,4704,7,monkey,-28.981642,3.5512614
ResNet-50,4748,7,monkey,-31.531498,1.5529507
ResNet-50,4791,7,monkey,-26.669807,6.0450797
ResNet-50,5436,7,monkey,-33.323185,8.852186
ResNet-50,5450,7,monkey,-31.315983,1.7111609
ResNet-50,5719,7,monkey,-31.431963,0.33587414
ResNet-50,5848,7,monkey,-33.870552,8.608255
ResNet-50,5977,7,monkey,-31.331837,0.3287282
ResNet-50,6084,7,monkey,-31.685602,0.04254695
ResNet-50,6190,7,monkey,-31.486467,8.24807
ResNet-50,6650,7,monkey,-27.946623,0.70772547
ResNet-50,6726,7,monkey,-25.685904,4.544947
ResNet-50,6772,7,monkey,-26.800177,0.36615756
ResNet-50,7081,7,monkey,-30.523825,-0.18034345
ResNet-50,7270,7,monkey,-29.192347,2.8289504
ResNet-50,7835,7,monkey,-25.45768,5.7613654
ResNet-50,151,8,ship,41.803345,-2.7283719
ResNet-50,194,8,ship,39.484173,-2.1158187
ResNet-50,667,8,ship,37.467358,-2.4668257
ResNet-50,706,8,ship,36.01281,-5.2625785
ResNet-50,716,8,ship,42.126728,-2.4258873
ResNet-50,739,8,ship,40.3136,-1.9745778
ResNet-50,962,8,ship,38.78533,-2.2901797
ResNet-50,1129,8,ship,37.780952,-5.9949546
ResNet-50,1247,8,ship,41.57993,-0.7828376
ResNet-50,1640,8,ship,36.84471,-7.288096
ResNet-50,1783,8,ship,38.388138,-6.1618643
ResNet-50,1833,8,ship,40.519714,-0.09473202
ResNet-50,1954,8,ship,31.571833,-1.772674
ResNet-50,2109,8,ship,35.850937,-5.803979
ResNet-50,2191,8,ship,38.249855,-4.522845
ResNet-50,2230,8,ship,37.21159,-0.4787083
ResNet-50,2340,8,ship,39.691246,-1.2940304
ResNet-50,2342,8,ship,39.390675,-4.4424405
ResNet-50,2745,8,ship,39.522377,-3.4805968
ResNet-50,2844,8,ship,36.750088,-6.27871
ResNet-50,3015,8,ship,38.570217,-1.1672668
ResNet-50,3157,8,ship,37.882202,-1.48356
ResNet-50,3412,8,ship,36.932102,-2.4826405
ResNet-50,3905,8,ship,35.415817,-6.533705
ResNet-50,3948,8,ship,35.592487,-4.043201
ResNet-50,4069,8,ship,28.343975,0.021312123
ResNet-50,4170,8,ship,35.78535,-1.2661353
ResNet-50,4177,8,ship,38.89007,-2.6554744
ResNet-50,4242,8,ship,40.25557,-0.2751323
ResNet-50,4311,8,ship,39.161816,-5.1430564
ResNet-50,4355,8,ship,36.438526,0.9069403
ResNet-50,4552,8,ship,37.74022,-0.29196548
ResNet-50,4662,8,ship,39.92896,-5.327254
ResNet-50,4676,8,ship,38.786243,-1.6223114
ResNet-50,4990,8,ship,36.767887,-0.8952261
ResNet-50,5000,8,ship,31.969898,-3.2264001
ResNet-50,5451,8,ship,37.848835,-3.0610485
ResNet-50,5525,8,ship,37.066826,-6.500142
ResNet-50,5694,8,ship,35.07206,-5.2964754
ResNet-50,5705,8,ship,40.51104,-4.360277
ResNet-50,6434,8,ship,40.013783,-5.7148957
ResNet-50,6689,8,ship,36.008923,-0.7102042
ResNet-50,7138,8,ship,35.39933,-2.1636436
ResNet-50,7446,8,ship,35.515182,-4.6502843
ResNet-50,7460,8,ship,35.809227,-0.09447696
ResNet-50,7476,8,ship,30.824646,-2.445187
ResNet-50,7810,8,ship,38.993774,-5.5055313
ResNet-50,7818,8,ship,41.080597,-0.8247233
ResNet-50,7875,8,ship,38.30104,-5.4793134
ResNet-50,7999,8,ship,37.32608,-2.3264148
ResNet-50,131,9,truck,31.170902,7.7869263
ResNet-50,191,9,truck,29.861553,9.309201
ResNet-50,239,9,truck,30.562038,7.61221
ResNet-50,276,9,truck,30.207224,8.0431185
ResNet-50,303,9,truck,33.921688,13.171237
ResNet-50,419,9,truck,29.782448,9.953954
ResNet-50,603,9,truck,32.68833,8.68566
ResNet-50,805,9,truck,28.817198,6.5809126
ResNet-50,852,9,truck,34.17123,11.441603
ResNet-50,1022,9,truck,30.209656,8.527709
ResNet-50,1411,9,truck,33.647213,10.177198
ResNet-50,1430,9,truck,28.54341,6.283168
ResNet-50,1468,9,truck,26.437914,8.423635
ResNet-50,1515,9,truck,32.465298,12.084706
ResNet-50,1654,9,truck,31.444231,6.219165
ResNet-50,1836,9,truck,34.284164,12.910169
ResNet-50,2011,9,truck,31.839663,10.295839
ResNet-50,2062,9,truck,31.810787,11.582577
ResNet-50,2114,9,truck,26.251177,8.124322
ResNet-50,2167,9,truck,27.557093,4.311728
ResNet-50,2351,9,truck,33.89129,13.496488
ResNet-50,2414,9,truck,29.278637,3.0408947
ResNet-50,2655,9,truck,29.26236,8.272957
ResNet-50,3318,9,truck,31.883268,5.095263
ResNet-50,3893,9,truck,26.446571,8.165174
ResNet-50,3942,9,truck,30.280249,4.5700297
ResNet-50,3996,9,truck,33.484413,7.3926506
ResNet-50,4094,9,truck,34.2359,10.154121
ResNet-50,4449,9,truck,27.744287,4.7159114
ResNet-50,4723,9,truck,29.753437,6.6379786
ResNet-50,5284,9,truck,30.338707,4.6455855
ResNet-50,5301,9,truck,31.132568,8.575201
ResNet-50,5360,9,truck,27.693605,6.9730344
ResNet-50,5447,9,truck,33.3725,11.34048
ResNet-50,5452,9,truck,32.174763,10.046988
ResNet-50,5508,9,truck,32.125046,11.0046
ResNet-50,5572,9,truck,30.003061,6.014568
ResNet-50,5590,9,truck,33.611202,9.678527
ResNet-50,5788,9,truck,27.351957,8.403633
ResNet-50,5851,9,truck,33.779102,13.564779
ResNet-50,5915,9,truck,27.514128,5.6791854
ResNet-50,5981,9,truck,32.20145,9.760869
ResNet-50,6931,9,truck,28.418585,2.0664542
ResNet-50,7047,9,truck,33.18031,13.491969
ResNet-50,7266,9,truck,28.153276,1.065954
ResNet-50,7380,9,truck,32.95234,12.184084
ResNet-50,7544,9,truck,26.570208,6.5580583
ResNet-50,7752,9,truck,26.48243,7.0965314
ResNet-50,7938,9,truck,31.44984,5.5204372
ResNet-50,7995,9,truck,29.401833,9.588691
ViT-B/16,3,0,airplane,-19.676685,19.954151
ViT-B/16,42,0,airplane,-15.124273,20.542315
ViT-B/16,81,0,airplane,-14.165427,17.383833
ViT-B/16,484,0,airplane,-23.330318,9.965819
ViT-B/16,562,0,airplane,-17.688019,17.89075
ViT-B/16,1175,0,airplane,-15.812581,20.560272
ViT-B/16,1389,0,airplane,-16.289412,19.619846
ViT-B/16,1553,0,airplane,-18.244139,21.080069
ViT-B/16,1596,0,airplane,-22.544512,11.067707
ViT-B/16,1648,0,airplane,-17.081469,21.1189
ViT-B/16,1977,0,airplane,-12.155655,19.764662
ViT-B/16,2024,0,airplane,-15.247125,11.740691
ViT-B/16,2242,0,airplane,-21.35629,10.1983
ViT-B/16,2750,0,airplane,-21.622631,9.725313
ViT-B/16,2888,0,airplane,-16.901026,22.1357
ViT-B/16,3025,0,airplane,-14.665242,17.479328
ViT-B/16,3083,0,airplane,-22.042126,10.93992
ViT-B/16,3347,0,airplane,-13.205908,19.288782
ViT-B/16,3437,0,airplane,-21.29925,10.074679
ViT-B/16,3455,0,airplane,-11.956466,19.215347
ViT-B/16,3876,0,airplane,-19.875626,19.488972
ViT-B/16,3965,0,airplane,-17.558033,21.363747
ViT-B/16,4130,0,airplane,-14.286418,19.248665
ViT-B/16,4399,0,airplane,-13.887491,17.314543
ViT-B/16,4539,0,airplane,-12.767112,19.488909
ViT-B/16,4615,0,airplane,-14.896098,19.946497
ViT-B/16,4617,0,airplane,-13.156635,19.766546
ViT-B/16,4675,0,airplane,-17.394014,21.714176
ViT-B/16,4785,0,airplane,-18.955269,21.838326
ViT-B/16,4819,0,airplane,-12.927753,18.71611
ViT-B/16,4893,0,airplane,-18.151392,21.477106
ViT-B/16,5117,0,airplane,-12.73446,20.123095
ViT-B/16,5478,0,airplane,-15.114381,11.584916
ViT-B/16,5912,0,airplane,-17.596199,17.903048
ViT-B/16,5918,0,airplane,-15.403022,18.644627
ViT-B/16,5999,0,airplane,-14.968482,18.450323
ViT-B/16,6437,0,airplane,-18.419666,21.946873
ViT-B/16,6455,0,airplane,-15.500632,11.970539
ViT-B/16,6609,0,airplane,-12.341512,20.73254
ViT-B/16,6844,0,airplane,-14.140309,20.433968
ViT-B/16,6986,0,airplane,-23.329554,9.96744
ViT-B/16,7009,0,airplane,-16.97756,19.041769
ViT-B/16,7150,0,airplane,-16.715662,20.586956
ViT-B/16,7262,0,airplane,-13.23839,20.269804
ViT-B/16,7309,0,airplane,-18.386072,20.4247
ViT-B/16,7320,0,airplane,-13.72915,18.15822
ViT-B/16,7372,0,airplane,-17.964542,22.128407
ViT-B/16,7373,0,airplane,-18.924475,21.019093
ViT-B/16,7465,0,airplane,-17.829224,20.573788
ViT-B/16,7634,0,airplane,-15.516139,19.677393
ViT-B/16,95,1,bird,2.4774988,10.104894
ViT-B/16,116,1,bird,0.79029375,8.4062395
ViT-B/16,198,1,bird,3.9492204,8.0249815
ViT-B/16,261,1,bird,0.22336742,2.8357608
ViT-B/16,304,1,bird,4.9340696,5.179404
ViT-B/16,825,1,bird,0.2572966,3.660912
ViT-B/16,1090,1,bird,0.7147735,4.0297494
ViT-B/16,1109,1,bird,1.831134,3.977718
ViT-B/16,1115,1,bird,4.3200107,6.3076696
ViT-B/16,1230,1,bird,4.8280582,2.021183
ViT-B/16,1436,1,bird,0.36295882,12.719726
ViT-B/16,1568,1,bird,6.625716,4.559332
ViT-B/16,1852,1,bird,2.2353125,8.749551
ViT-B/16,1871,1,bird,-3.2268546,5.446355
ViT-B/16,1986,1,bird,-3.2049835,5.477403
ViT-B/16,1993,1,bird,1.6518213,10.078044
ViT-B/16,2070,1,bird,4.463603,7.9927773
ViT-B/16,2095,1,bird,6.731213,7.0072618
ViT-B/16,2116,1,bird,15.139919,3.2228446
ViT-B/16,2157,1,bird,3.9314797,7.0832286
ViT-B/16,2178,1,bird,0.88474715,8.553135
ViT-B/16,2687,1,bird,1.1744952,9.186878
ViT-B/16,2690,1,bird,4.06696,8.258336
ViT-B/16,3079,1,bird,0.24595596,12.931367
ViT-B/16,3413,1,bird,2.0603383,9.132908
ViT-B/16,3491,1,bird,2.3118901,7.8510947
ViT-B/16,3550,1,bird,3.4745302,4.0732207
ViT-B/16,3937,1,bird,3.4543688,9.534881
ViT-B/16,4298,1,bird,1.5870824,9.452334
ViT-B/16,4640,1,bird,2.8839047,6.919837
ViT-B/16,5092,1,bird,1.2822207,11.198891
ViT-B/16,5123,1,bird,1.9481685,6.1209884
ViT-B/16,5220,1,bird,6.93205,3.761865
ViT-B/16,5256,1,bird,3.3582397,9.769158
ViT-B/16,5488,1,bird,5.759924,1.8302298
ViT-B/16,5560,1,bird,5.0666075,1.8050852
ViT-B/16,6076,1,bird,1.2206488,10.193732
ViT-B/16,6169,1,bird,4.5844994,3.1524332
ViT-B/16,6349,1,bird,2.9125342,7.62185
ViT-B/16,6594,1,bird,1.8553342,3.949608
ViT-B/16,6733,1,bird,-3.2042243,5.4839716
ViT-B/16,6805,1,bird,0.13667527,3.1574404
ViT-B/16,6836,1,bird,-0.09886079,13.456456
ViT-B/16,6938,1,bird,2.1432834,9.821333
ViT-B/16,6954,1,bird,6.743739,6.951144
ViT-B/16,7029,1,bird,-0.033419937,13.364531
ViT-B/16,7033,1,bird,2.666997,8.129523
ViT-B/16,7202,1,bird,-0.14584932,13.515691
ViT-B/16,7390,1,bird,4.491557,3.4710681
ViT-B/16,7955,1,bird,0.98104346,9.7672615
ViT-B/16,35,2,car,-12.286628,-18.50134
ViT-B/16,49,2,car,-13.942163,-18.293827
ViT-B/16,317,2,car,-15.086577,-17.091639
ViT-B/16,409,2,car,-16.463795,-15.753315
ViT-B/16,470,2,car,-17.909395,-16.478764
ViT-B/16,483,2,car,-14.637684,-15.943165
ViT-B/16,714,2,car,-9.966352,-10.406645
ViT-B/16,981,2,car,-12.616697,-16.613905
ViT-B/16,1202,2,car,-16.259468,-17.046839
ViT-B/16,1403,2,car,-12.711589,-12.74032
ViT-B/16,1520,2,car,-14.633854,-13.357925
ViT-B/16,1586,2,car,-11.891718,-16.128527
ViT-B/16,1814,2,car,-13.319325,-18.668573
ViT-B/16,1839,2,car,-12.283947,-16.99878
ViT-B/16,2082,2,car,-13.505744,-20.816853
ViT-B/16,2392,2,car,-13.846625,-13.432634
ViT-B/16,2502,2,car,-17.269077,-15.688753
ViT-B/16,3024,2,car,-13.066453,-20.805733
ViT-B/16,3067,2,car,-13.807905,-18.000849
ViT-B/16,3163,2,car,-14.302664,-17.252808
ViT-B/16,3362,2,car,-17.855938,-15.65742
ViT-B/16,3454,2,car,-11.995883,-15.447925
ViT-B/16,3755,2,car,-11.405182,-12.747514
ViT-B/16,4065,2,car,-11.395435,-13.703874
ViT-B/16,4735,2,car,-12.189646,-19.69861
ViT-B/16,4913,2,car,-12.508304,-20.32837
ViT-B/16,4921,2,car,-11.489659,-12.597721
ViT-B/16,5030,2,car,-17.924696,-16.234798
ViT-B/16,5183,2,car,-17.127302,-15.726049
ViT-B/16,5218,2,car,-17.47693,-16.327372
ViT-B/16,5237,2,car,-13.564833,-21.341036
ViT-B/16,5318,2,car,-12.470125,-11.3935
ViT-B/16,5333,2,car,-12.823354,-17.885561
ViT-B/16,5395,2,car,-13.626656,-13.121613
ViT-B/16,5512,2,car,3.853496,-9.468403
ViT-B/16,5677,2,car,-12.048839,-12.171823
ViT-B/16,5756,2,car,-10.74154,-13.907314
ViT-B/16,5824,2,car,-11.321654,-11.954654
ViT-B/16,6028,2,car,-13.223514,-16.110909
ViT-B/16,6244,2,car,-13.174323,-15.840476
ViT-B/16,6264,2,car,-13.142648,-13.794979
ViT-B/16,6271,2,car,-17.23808,-16.763935
ViT-B/16,6332,2,car,-11.712705,-19.379522
ViT-B/16,6354,2,car,-14.746293,-16.446426
ViT-B/16,6426,2,car,-13.08947,-16.62498
ViT-B/16,6503,2,car,-13.862758,-20.30999
ViT-B/16,6616,2,car,-13.3103695,-17.642582
ViT-B/16,6692,2,car,-12.763661,-19.703075
ViT-B/16,7084,2,car,-11.581378,-13.693588
ViT-B/16,7425,2,car,-14.073667,-14.522303
ViT-B/16,176,3,cat,16.420574,6.0659227
ViT-B/16,365,3,cat,13.436089,2.5720508
ViT-B/16,372,3,cat,11.355,2.4783456
ViT-B/16,391,3,cat,18.523705,2.3015456
ViT-B/16,632,3,cat,16.564548,5.1077776
ViT-B/16,672,3,cat,19.6773,3.5089958
ViT-B/16,677,3,cat,13.570075,2.752719
ViT-B/16,738,3,cat,9.788696,2.8631349
ViT-B/16,791,3,cat,13.923005,3.3182375
ViT-B/16,979,3,cat,11.410272,3.6392365
ViT-B/16,1204,3,cat,17.18705,5.3738394
ViT-B/16,1263,3,cat,19.0421,0.28684235
ViT-B/16,1370,3,cat,12.710778,1.9815667
ViT-B/16,1401,3,cat,16.409819,4.0252066
ViT-B/16,1431,3,cat,9.342659,1.4055271
ViT-B/16,1531,3,cat,21.689867,1.1377976
ViT-B/16,1563,3,cat,19.45151,5.5351753
ViT-B/16,2028,3,cat,21.245308,2.6040084
ViT-B/16,2291,3,cat,19.79093,5.25083
ViT-B/16,2536,3,cat,17.049358,4.430933
ViT-B/16,2539,3,cat,16.029297,6.107051
ViT-B/16,2754,3,cat,17.83794,1.9896389
ViT-B/16,2861,3,cat,12.521115,3.1182718
ViT-B/16,3276,3,cat,22.892939,1.505043
ViT-B/16,3375,3,cat,22.165148,1.5336454
ViT-B/16,3383,3,cat,18.569098,1.7194091
ViT-B/16,3562,3,cat,22.166298,1.4442124
ViT-B/16,3778,3,cat,8.205643,2.8531516
ViT-B/16,3851,3,cat,9.835729,1.6386924
ViT-B/16,3914,3,cat,17.077494,2.894561
ViT-B/16,4023,3,cat,22.353537,1.6813245
ViT-B/16,4168,3,cat,13.551028,1.8489519
ViT-B/16,4215,3,cat,11.536395,4.282874
ViT-B/16,4229,3,cat,15.778188,3.0051525
ViT-B/16,4323,3,cat,10.223636,3.0248196
ViT-B/16,4330,3,cat,18.035915,2.8086884
ViT-B/16,4463,3,cat,15.345693,2.2505054
ViT-B/16,4531,3,cat,19.237715,1.6200763
ViT-B/16,4590,3,cat,13.8624115,2.561819
ViT-B/16,4609,3,cat,20.080809,4.6818027
ViT-B/16,4821,3,cat,13.095115,2.8122246
ViT-B/16,4881,3,cat,17.07996,5.775465
ViT-B/16,4908,3,cat,14.633969,4.142752
ViT-B/16,5528,3,cat,10.827249,3.0656707
ViT-B/16,6490,3,cat,16.221722,6.217652
ViT-B/16,6952,3,cat,11.656786,2.8156989
ViT-B/16,7416,3,cat,9.900322,1.8396314
ViT-B/16,7744,3,cat,9.096224,2.3575752
ViT-B/16,7793,3,cat,9.49399,4.1418486
ViT-B/16,7797,3,cat,18.817677,3.0436974
ViT-B/16,171,4,deer,24.643543,-11.775382
ViT-B/16,506,4,deer,25.919582,-11.838402
ViT-B/16,691,4,deer,22.967731,-10.871682
ViT-B/16,766,4,deer,10.667927,-13.242744
ViT-B/16,855,4,deer,23.831203,-12.106905
ViT-B/16,1111,4,deer,20.426323,-15.999118
ViT-B/16,1124,4,deer,23.59263,-10.8355465
ViT-B/16,1211,4,deer,24.788197,-15.36043
ViT-B/16,1266,4,deer,25.46155,-12.609256
ViT-B/16,1429,4,deer,24.993315,-17.959198
ViT-B/16,1960,4,deer,6.058525,-3.671073
ViT-B/16,2399,4,deer,22.914742,-18.330864
ViT-B/16,2704,4,deer,24.937647,-12.349232
ViT-B/16,2757,4,deer,20.438942,-13.070269
ViT-B/16,2898,4,deer,24.459993,-12.842379
ViT-B/16,3034,4,deer,21.243542,-13.109534
ViT-B/16,3078,4,deer,25.11874,-11.665573
ViT-B/16,3122,4,deer,23.871923,-13.84891
ViT-B/16,3179,4,deer,19.840305,-13.80278
ViT-B/16,3287,4,deer,25.23071,-14.071486
ViT-B/16,3365,4,deer,23.294594,-17.876982
ViT-B/16,3458,4,deer,25.474154,-14.409065
ViT-B/16,3512,4,deer,21.804451,-13.174611
ViT-B/16,3763,4,deer,24.345093,-16.929958
ViT-B/16,3891,4,deer,24.092571,-11.221914
ViT-B/16,3994,4,deer,22.277304,-13.132524
ViT-B/16,4054,4,deer,22.289705,-17.091394
ViT-B/16,4629,4,deer,22.593296,-12.336595
ViT-B/16,4642,4,deer,23.774593,-12.81298
ViT-B/16,4740,4,deer,19.834036,-14.78249
ViT-B/16,5062,4,deer,23.274035,-12.591794
ViT-B/16,5077,4,deer,20.061417,-15.708333
ViT-B/16,5135,4,deer,19.233358,-0.19900946
ViT-B/16,5213,4,deer,22.157751,-15.732901
ViT-B/16,5402,4,deer,23.107887,-15.838694
ViT-B/16,5467,4,deer,24.117876,-16.192299
ViT-B/16,5556,4,deer,21.403494,-15.774099
ViT-B/16,5623,4,deer,24.149145,-17.24735
ViT-B/16,5789,4,deer,23.81401,-17.844444
ViT-B/16,6033,4,deer,24.546108,-14.811795
ViT-B/16,6097,4,deer,22.734524,-16.092747
ViT-B/16,6288,4,deer,23.238724,-14.005807
ViT-B/16,6508,4,deer,20.826765,-15.275583
ViT-B/16,6528,4,deer,21.836172,-11.328941
ViT-B/16,7475,4,deer,23.388668,-16.755526
ViT-B/16,7610,4,deer,23.215897,-14.170541
ViT-B/16,7692,4,deer,26.032461,-14.742004
ViT-B/16,7864,4,deer,25.252472,-16.522526
ViT-B/16,7940,4,deer,23.720688,-14.552744
ViT-B/16,7944,4,deer,25.031397,-10.481373
ViT-B/16,97,5,dog,-0.66196924,-5.8338957
ViT-B/16,319,5,dog,2.5795782,0.12720022
ViT-B/16,378,5,dog,-0.44287494,-5.787105
ViT-B/16,568,5,dog,-0.5448537,-6.2691064
ViT-B/16,645,5,dog,8.701605,-2.3025181
ViT-B/16,685,5,dog,4.9325585,-5.641918
ViT-B/16,1095,5,dog,4.6573253,-5.839665
ViT-B/16,1552,5,dog,9.29622,-6.104578
ViT-B/16,1626,5,dog,6.948954,-3.704858
ViT-B/16,1644,5,dog,2.2961342,-1.1254133
ViT-B/16,1877,5,dog,9.512002,-6.2296014
ViT-B/16,2265,5,dog,9.103495,-6.0151567
ViT-B/16,2268,5,dog,-0.55660975,-5.867977
ViT-B/16,2334,5,dog,12.029897,-6.681236
ViT-B/16,2391,5,dog,10.795716,-2.6762908
ViT-B/16,2427,5,dog,12.408755,-6.5332413
ViT-B/16,2458,5,dog,9.402992,-2.1703746
ViT-B/16,2623,5,dog,5.6904407,-3.5477993
ViT-B/16,2766,5,dog,0.058260627,-5.622896
ViT-B/16,2807,5,dog,7.2935266,-2.4496853
ViT-B/16,2950,5,dog,0.14637685,0.29217556
ViT-B/16,3353,5,dog,7.10788,-1.0299281
ViT-B/16,3852,5,dog,5.136258,-1.3826427
ViT-B/16,3863,5,dog,4.5040946,-5.9353876
ViT-B/16,3889,5,dog,2.0155282,-4.812323
ViT-B/16,4106,5,dog,9.280626,-1.9371781
ViT-B/16,4290,5,dog,11.138333,-2.7547765
ViT-B/16,4547,5,dog,2.5994265,0.896895
ViT-B/16,4570,5,dog,12.2607,-6.798216
ViT-B/16,4850,5,dog,8.515662,-5.681404
ViT-B/16,4953,5,dog,2.640926,-0.48651937
ViT-B/16,4966,5,dog,5.2325673,-2.2506719
ViT-B/16,5101,5,dog,5.039741,0.17165956
ViT-B/16,5332,5,dog,6.7511787,-4.779899
ViT-B/16,5381,5,dog,7.317147,-4.083006
ViT-B/16,5496,5,dog,2.8756552,-0.9748381
ViT-B/16,5701,5,dog,0.2097699,0.2785361
ViT-B/16,5924,5,dog,11.966539,-6.621356
ViT-B/16,6224,5,dog,12.259066,-6.508028
ViT-B/16,6358,5,dog,7.6851416,-3.9640312
ViT-B/16,6414,5,dog,2.6422505,1.0541373
ViT-B/16,6716,5,dog,4.9408264,1.118858
ViT-B/16,6922,5,dog,8.771061,-2.8703249
ViT-B/16,6989,5,dog,2.2832909,-1.2007928
ViT-B/16,7041,5,dog,6.2893963,-0.014447686
ViT-B/16,7130,5,dog,0.57597715,-2.2129946
ViT-B/16,7413,5,dog,-0.12054597,-6.1250587
ViT-B/16,7474,5,dog,6.2661376,0.2911772
ViT-B/16,7706,5,dog,4.5828505,0.81493336
ViT-B/16,7776,5,dog,0.5288149,-2.2278583
ViT-B/16,449,6,horse,9.385016,-18.048603
ViT-B/16,545,6,horse,2.347891,-14.546998
ViT-B/16,873,6,horse,9.51666,-15.739018
ViT-B/16,890,6,horse,11.4624195,-17.002684
ViT-B/16,920,6,horse,12.043467,-14.71665
ViT-B/16,929,6,horse,9.484068,-13.448996
ViT-B/16,964,6,horse,5.8430734,-13.177296
ViT-B/16,977,6,horse,9.8247595,-17.955284
ViT-B/16,1534,6,horse,4.3836303,-13.431971
ViT-B/16,1667,6,horse,3.0151896,-13.9884205
ViT-B/16,2003,6,horse,8.924547,-14.230605
ViT-B/16,2610,6,horse,4.6700244,-14.945731
ViT-B/16,2676,6,horse,3.860484,-9.467891
ViT-B/16,2958,6,horse,9.686156,-19.259115
ViT-B/16,3191,6,horse,2.8319247,-14.568785
ViT-B/16,3292,6,horse,6.056358,-13.253991
ViT-B/16,3418,6,horse,9.819595,-19.629671
ViT-B/16,3494,6,horse,8.562865,-17.841883
ViT-B/16,3515,6,horse,21.551811,-14.99589
ViT-B/16,3777,6,horse,10.205813,-18.567831
ViT-B/16,3779,6,horse,12.065072,-14.318783
ViT-B/16,3844,6,horse,7.9494944,-18.082104
ViT-B/16,3962,6,horse,10.943269,-18.989477
ViT-B/16,4011,6,horse,7.424788,-14.144479
ViT-B/16,4093,6,horse,5.595806,-13.176906
ViT-B/16,4254,6,horse,14.226611,-13.800006
ViT-B/16,4341,6,horse,9.623974,-16.840769
ViT-B/16,4411,6,horse,7.2839794,-13.626404
ViT-B/16,4620,6,horse,6.8047204,-14.370133
ViT-B/16,4731,6,horse,9.33979,-18.972708
ViT-B/16,4746,6,horse,10.564285,-19.65683
ViT-B/16,4754,6,horse,10.107169,-17.000862
ViT-B/16,4827,6,horse,7.6838126,-14.866774
ViT-B/16,5082,6,horse,9.341041,-19.60212
ViT-B/16,5382,6,horse,2.7281935,-15.248454
ViT-B/16,5408,6,horse,13.236654,-13.708482
ViT-B/16,5580,6,horse,9.4134865,-12.926764
ViT-B/16,5729,6,horse,11.044713,-17.262493
ViT-B/16,5857,6,horse,22.512072,-19.215763
ViT-B/16,5858,6,horse,10.808908,-18.259554
ViT-B/16,6381,6,horse,3.1077359,-14.877528
ViT-B/16,6713,6,horse,2.4962544,-14.761305
ViT-B/16,7108,6,horse,11.418067,-15.204538
ViT-B/16,7338,6,horse,10.734796,-14.552616
ViT-B/16,7555,6,horse,2.299019,-14.272065
ViT-B/16,7600,6,horse,8.423779,-14.894291
ViT-B/16,7726,6,horse,11.05366,-13.612365
ViT-B/16,7779,6,horse,6.86513,-14.492331
ViT-B/16,7781,6,horse,12.701478,-15.70749
ViT-B/16,7996,6,horse,9.073828,-18.953384
ViT-B/16,29,7,monkey,14.163272,15.344291
ViT-B/16,269,7,monkey,15.744605,15.221652
ViT-B/16,323,7,monkey,14.261204,14.85483
ViT-B/16,370,7,monkey,15.357671,15.7398615
ViT-B/16,1032,7,monkey,6.218773,17.171999
ViT-B/16,1048,7,monkey,16.166727,15.97617
ViT-B/16,1220,7,monkey,12.2659,20.337471
ViT-B/16,1287,7,monkey,10.874297,20.488703
ViT-B/16,1296,7,monkey,11.698776,18.876358
ViT-B/16,1440,7,monkey,15.981402,14.6820135
ViT-B/16,1473,7,monkey,10.610317,14.463754
ViT-B/16,1579,7,monkey,9.329952,13.097346
ViT-B/16,1703,7,monkey,11.048658,19.285416
ViT-B/16,1711,7,monkey,9.256438,13.057244
ViT-B/16,1771,7,monkey,13.893733,12.789892
ViT-B/16,1884,7,monkey,7.0434904,16.818932
ViT-B/16,1927,7,monkey,14.957333,15.346266
ViT-B/16,1956,7,monkey,10.992343,12.3345375
ViT-B/16,2501,7,monkey,15.27857,14.883119
ViT-B/16,2668,7,monkey,11.466334,19.803673
ViT-B/16,2746,7,monkey,12.732405,14.555375
ViT-B/16,2854,7,monkey,12.005745,19.531809
ViT-B/16,3153,7,monkey,12.081007,20.007267
ViT-B/16,3288,7,monkey,11.629683,20.866575
ViT-B/16,3404,7,monkey,16.21742,15.432984
ViT-B/16,3446,7,monkey,11.713319,16.058794
ViT-B/16,3467,7,monkey,15.115106,14.276033
ViT-B/16,3542,7,monkey,15.148494,16.301718
ViT-B/16,3867,7,monkey,12.090128,12.7958
ViT-B/16,4172,7,monkey,11.174499,20.85356
ViT-B/16,4236,7,monkey,6.98135,17.467113
ViT-B/16,4308,7,monkey,13.811202,14.189203
ViT-B/16,4403,7,monkey,13.120733,15.846863
ViT-B/16,4661,7,monkey,11.512521,13.7143955
ViT-B/16,4704,7,monkey,10.952547,15.40134
ViT-B/16,4748,7,monkey,10.855062,16.51946
ViT-B/16,4791,7,monkey,14.755561,15.884376
ViT-B/16,5436,7,monkey,11.966807,20.7372
ViT-B/16,5450,7,monkey,10.89951,16.54961
ViT-B/16,5719,7,monkey,6.3384347,17.733196
ViT-B/16,5848,7,monkey,11.427567,20.282152
ViT-B/16,5977,7,monkey,6.2809124,17.570805
ViT-B/16,6084,7,monkey,6.7815614,17.68714
ViT-B/16,6190,7,monkey,10.930611,19.887375
ViT-B/16,6650,7,monkey,7.42926,16.737839
ViT-B/16,6726,7,monkey,14.371818,16.444939
ViT-B/16,6772,7,monkey,11.280672,13.726728
ViT-B/16,7081,7,monkey,6.3717036,17.100082
ViT-B/16,7270,7,monkey,10.819909,13.776447
ViT-B/16,7835,7,monkey,15.774376,16.192131
ViT-B/16,151,8,ship,-31.661186,5.440982
ViT-B/16,194,8,ship,-29.981302,6.845429
ViT-B/16,667,8,ship,-29.694767,9.381324
ViT-B/16,706,8,ship,-27.632929,11.723909
ViT-B/16,716,8,ship,-31.849733,4.8327
ViT-B/16,739,8,ship,-30.20442,5.6930723
ViT-B/16,962,8,ship,-31.177923,7.477425
ViT-B/16,1129,8,ship,-29.050596,7.401863
ViT-B/16,1247,8,ship,-31.530277,4.014453
ViT-B/16,1640,8,ship,-31.005684,8.89489
ViT-B/16,1783,8,ship,-28.376522,9.481682
ViT-B/16,1833,8,ship,-30.953377,4.3476686
ViT-B/16,1954,8,ship,-32.48927,6.629727
ViT-B/16,2109,8,ship,-27.501364,11.317225
ViT-B/16,2191,8,ship,-30.588339,10.053749
ViT-B/16,2230,8,ship,-27.448545,7.194328
ViT-B/16,2340,8,ship,-30.43069,7.3553076
ViT-B/16,2342,8,ship,-31.504547,8.5536585
ViT-B/16,2745,8,ship,-29.662771,6.234359
ViT-B/16,2844,8,ship,-26.935219,12.124145
ViT-B/16,3015,8,ship,-29.513746,8.316484
ViT-B/16,3157,8,ship,-29.491068,7.362327
ViT-B/16,3412,8,ship,-30.773588,9.326801
ViT-B/16,3905,8,ship,-27.250122,12.949323
ViT-B/16,3948,8,ship,-26.664682,12.803725
ViT-B/16,4069,8,ship,-23.759302,6.6946173
ViT-B/16,4170,8,ship,-28.101845,6.809312
ViT-B/16,4177,8,ship,-31.41785,6.9981227
ViT-B/16,4242,8,ship,-31.13885,4.823277
ViT-B/16,4311,8,ship,-30.030516,8.191907
ViT-B/16,4355,8,ship,-16.056461,11.816856
ViT-B/16,4552,8,ship,-28.59987,7.2538323
ViT-B/16,4662,8,ship,-30.173204,8.017479
ViT-B/16,4676,8,ship,-28.936527,8.175805
ViT-B/16,4990,8,ship,-31.274008,5.7171397
ViT-B/16,5000,8,ship,-25.572872,10.188763
ViT-B/16,5451,8,ship,-29.559248,9.886325
ViT-B/16,5525,8,ship,-27.498838,11.2704735
ViT-B/16,5694,8,ship,-27.481705,13.128858
ViT-B/16,5705,8,ship,-29.94165,5.0084634
ViT-B/16,6434,8,ship,-31.057125,9.654875
ViT-B/16,6689,8,ship,-24.623487,6.539353
ViT-B/16,7138,8,ship,-24.9177,10.46218
ViT-B/16,7446,8,ship,-27.472342,12.418182
ViT-B/16,7460,8,ship,-24.523098,6.5111623
ViT-B/16,7476,8,ship,-23.383154,10.181555
ViT-B/16,7810,8,ship,-28.281078,8.887022
ViT-B/16,7818,8,ship,-31.455126,4.3253803
ViT-B/16,7875,8,ship,-27.51847,8.037522
ViT-B/16,7999,8,ship,-29.89752,9.643739
ViT-B/16,131,9,truck,-11.089751,-2.9402688
ViT-B/16,191,9,truck,-15.262828,-5.6304274
ViT-B/16,239,9,truck,-14.031897,-3.4611502
ViT-B/16,276,9,truck,-16.09772,-6.0326657
ViT-B/16,303,9,truck,-18.878073,-5.3684797
ViT-B/16,419,9,truck,-16.04435,-3.6563938
ViT-B/16,603,9,truck,-17.573393,-3.759202
ViT-B/16,805,9,truck,-12.978778,-4.298411
ViT-B/16,852,9,truck,-18.330498,-4.6047482
ViT-B/16,1022,9,truck,-13.925339,-6.87985
ViT-B/16,1411,9,truck,-19.707138,-3.9698396
ViT-B/16,1430,9,truck,-14.32785,-3.8822036
ViT-B/16,1468,9,truck,-13.868518,1.5643597
ViT-B/16,1515,9,truck,-19.213467,-4.303554
ViT-B/16,1654,9,truck,-9.46761,-2.717545
ViT-B/16,1836,9,truck,-17.420927,-5.9139166
ViT-B/16,2011,9,truck,-19.1353,-6.4008055
ViT-B/16,2062,9,truck,-18.641031,-4.8864617
ViT-B/16,2114,9,truck,-14.193218,1.445066
ViT-B/16,2167,9,truck,-16.626892,-5.2475295
ViT-B/16,2351,9,truck,-18.281443,-5.431309
ViT-B/16,2414,9,truck,-13.514173,-5.070654
ViT-B/16,2655,9,truck,-15.93659,-3.6305978
ViT-B/16,3318,9,truck,-9.164641,-2.5598478
ViT-B/16,3893,9,truck,-13.946796,1.3533797
ViT-B/16,3942,9,truck,-10.078241,-3.0744536
ViT-B/16,3996,9,truck,-16.623224,-2.9358528
ViT-B/16,4094,9,truck,-18.646507,-3.861804
ViT-B/16,4449,9,truck,-14.468931,-6.135797
ViT-B/16,4723,9,truck,-12.622122,-4.3151073
ViT-B/16,5284,9,truck,-10.571913,-3.344326
ViT-B/16,5301,9,truck,-12.968051,-3.5180783
ViT-B/16,5360,9,truck,-14.028166,0.9753963
ViT-B/16,5447,9,truck,-17.540205,-4.8564987
ViT-B/16,5452,9,truck,-19.710619,-5.974001
ViT-B/16,5508,9,truck,-18.482761,-6.160568
ViT-B/16,5572,9,truck,-11.157111,-4.8954835
ViT-B/16,5590,9,truck,-19.07926,-3.226384
ViT-B/16,5788,9,truck,-14.210618,0.16532141
ViT-B/16,5851,9,truck,-19.563866,-5.099526
ViT-B/16,5915,9,truck,-14.00072,-6.3939753
ViT-B/16,5981,9,truck,-20.399418,-5.1655855
ViT-B/16,6931,9,truck,-11.676381,-4.043024
ViT-B/16,7047,9,truck,-19.277847,-5.330958
ViT-B/16,7266,9,truck,-11.147956,-5.184566
ViT-B/16,7380,9,truck,-19.436798,-4.70847
ViT-B/16,7544,9,truck,-14.893375,1.1870363
ViT-B/16,7752,9,truck,-14.340516,1.0733924
ViT-B/16,7938,9,truck,-9.789103,-2.906382
ViT-B/16,7995,9,truck,-14.884577,-7.214089
CLIP ViT-B/32,3,0,airplane,-32.06804,-6.7021265
CLIP ViT-B/32,42,0,airplane,-28.371334,-6.6411657
CLIP ViT-B/32,81,0,airplane,-26.644646,-6.7475467
CLIP ViT-B/32,484,0,airplane,-28.623234,-12.053901
CLIP ViT-B/32,562,0,airplane,-27.611837,-9.564915
CLIP ViT-B/32,1175,0,airplane,-28.623663,-8.066867
CLIP ViT-B/32,1389,0,airplane,-28.015615,-8.619551
CLIP ViT-B/32,1553,0,airplane,-31.361605,-6.3887815
CLIP ViT-B/32,1596,0,airplane,-27.680094,-12.599011
CLIP ViT-B/32,1648,0,airplane,-29.70761,-6.8630495
CLIP ViT-B/32,1977,0,airplane,-27.366272,-6.7800956
CLIP ViT-B/32,2024,0,airplane,-25.387241,-12.573382
CLIP ViT-B/32,2242,0,airplane,-27.398567,-12.449526
CLIP ViT-B/32,2750,0,airplane,-27.489569,-13.112478
CLIP ViT-B/32,2888,0,airplane,-30.937214,-6.194104
CLIP ViT-B/32,3025,0,airplane,-25.193338,-8.200812
CLIP ViT-B/32,3083,0,airplane,-27.601713,-12.197859
CLIP ViT-B/32,3347,0,airplane,-26.532755,-9.754146
CLIP ViT-B/32,3437,0,airplane,-27.980093,-13.472693
CLIP ViT-B/32,3455,0,airplane,-24.866144,-9.398414
CLIP ViT-B/32,3876,0,airplane,-29.28751,-11.928933
CLIP ViT-B/32,3965,0,airplane,-30.245132,-6.794706
CLIP ViT-B/32,4130,0,airplane,-25.744684,-9.674465
CLIP ViT-B/32,4399,0,airplane,-25.380264,-8.565877
CLIP ViT-B/32,4539,0,airplane,-26.619589,-9.484407
CLIP ViT-B/32,4615,0,airplane,-27.022022,-8.561302
CLIP ViT-B/32,4617,0,airplane,-26.369167,-10.491728
CLIP ViT-B/32,4675,0,airplane,-29.33538,-7.112495
CLIP ViT-B/32,4785,0,airplane,-32.06063,-6.737198
CLIP ViT-B/32,4819,0,airplane,-26.232529,-10.440164
CLIP ViT-B/32,4893,0,airplane,-29.989937,-8.149698
CLIP ViT-B/32,5117,0,airplane,-26.835306,-8.498826
CLIP ViT-B/32,5478,0,airplane,-25.259706,-12.664444
CLIP ViT-B/32,5912,0,airplane,-27.114836,-10.305757
CLIP ViT-B/32,5918,0,airplane,-27.456457,-10.97172
CLIP ViT-B/32,5999,0,airplane,-26.872087,-6.9367003
CLIP ViT-B/32,6437,0,airplane,-30.43922,-6.014811
CLIP ViT-B/32,6455,0,airplane,-25.174664,-12.671405
CLIP ViT-B/32,6609,0,airplane,-25.693102,-10.497144
CLIP ViT-B/32,6844,0,airplane,-27.842016,-7.293838
CLIP ViT-B/32,6986,0,airplane,-28.62133,-12.179005
CLIP ViT-B/32,7009,0,airplane,-27.70832,-5.8034987
CLIP ViT-B/32,7150,0,airplane,-29.02221,-7.5390368
CLIP ViT-B/32,7262,0,airplane,-26.930231,-10.012054
CLIP ViT-B/32,7309,0,airplane,-31.223934,-6.8182096
CLIP ViT-B/32,7320,0,airplane,-25.679586,-8.627764
CLIP ViT-B/32,7372,0,airplane,-30.68694,-6.884581
CLIP ViT-B/32,7373,0,airplane,-31.171032,-7.5853467
CLIP ViT-B/32,7465,0,airplane,-28.967125,-6.814854
CLIP ViT-B/32,7634,0,airplane,-28.0722,-9.904355
CLIP ViT-B/32,95,1,bird,28.623163,-12.9147005
CLIP ViT-B/32,116,1,bird,24.43561,-11.452401
CLIP ViT-B/32,198,1,bird,29.888882,-10.766174
CLIP ViT-B/32,261,1,bird,24.686274,-8.442793
CLIP ViT-B/32,304,1,bird,25.892843,-7.7862225
CLIP ViT-B/32,825,1,bird,25.215319,-9.232146
CLIP ViT-B/32,1090,1,bird,25.048275,-9.135435
CLIP ViT-B/32,1109,1,bird,24.396688,-10.046666
CLIP ViT-B/32,1115,1,bird,27.623806,-10.0506735
CLIP ViT-B/32,1230,1,bird,31.497053,2.6402
CLIP ViT-B/32,1436,1,bird,28.037111,-13.408155
CLIP ViT-B/32,1568,1,bird,29.518167,-8.384794
CLIP ViT-B/32,1852,1,bird,29.945942,-9.523048
CLIP ViT-B/32,1871,1,bird,22.16343,-12.640653
CLIP ViT-B/32,1986,1,bird,22.204578,-12.619589
CLIP ViT-B/32,1993,1,bird,28.010626,-11.891803
CLIP ViT-B/32,2070,1,bird,28.482952,-10.390093
CLIP ViT-B/32,2095,1,bird,28.811897,-6.9164033
CLIP ViT-B/32,2116,1,bird,28.782837,-6.8034735
CLIP ViT-B/32,2157,1,bird,27.221367,-10.694264
CLIP ViT-B/32,2178,1,bird,24.300682,-11.241915
CLIP ViT-B/32,2687,1,bird,29.262173,-11.154784
CLIP ViT-B/32,2690,1,bird,28.665886,-10.699592
CLIP ViT-B/32,3079,1,bird,27.364904,-13.205194
CLIP ViT-B/32,3413,1,bird,29.816013,-11.022369
CLIP ViT-B/32,3491,1,bird,30.1056,-9.370728
CLIP ViT-B/32,3550,1,bird,25.704515,-9.329741
CLIP ViT-B/32,3937,1,bird,27.846022,-11.835662
CLIP ViT-B/32,4298,1,bird,29.717968,-11.560361
CLIP ViT-B/32,4640,1,bird,28.558908,-9.53877
CLIP ViT-B/32,5092,1,bird,27.025331,-12.87524
CLIP ViT-B/32,5123,1,bird,26.4674,-9.032736
CLIP ViT-B/32,5220,1,bird,16.625618,10.90447
CLIP ViT-B/32,5256,1,bird,26.136099,-11.827213
CLIP ViT-B/32,5488,1,bird,20.14476,16.355026
CLIP ViT-B/32,5560,1,bird,26.001194,-12.017236
CLIP ViT-B/32,6076,1,bird,28.727264,-12.100916
CLIP ViT-B/32,6169,1,bird,23.622288,-10.030955
CLIP ViT-B/32,6349,1,bird,29.459702,-9.499541
CLIP ViT-B/32,6594,1,bird,24.447702,-9.980493
CLIP ViT-B/32,6733,1,bird,22.200047,-12.619103
CLIP ViT-B/32,6805,1,bird,24.635313,-9.099507
CLIP ViT-B/32,6836,1,bird,28.12362,-13.686835
CLIP ViT-B/32,6938,1,bird,29.153,-12.255804
CLIP ViT-B/32,6954,1,bird,28.837112,-6.930036
CLIP ViT-B/32,7029,1,bird,27.205921,-13.368085
CLIP ViT-B/32,7033,1,bird,29.42016,-9.564325
CLIP ViT-B/32,7202,1,bird,27.084034,-13.773656
CLIP ViT-B/32,7390,1,bird,25.948605,-10.682629
CLIP ViT-B/32,7955,1,bird,28.5619,-11.416965
CLIP ViT-B/32,35,2,car,-22.130306,4.4983397
CLIP ViT-B/32,49,2,car,-19.457684,4.619543
CLIP ViT-B/32,317,2,car,-16.453737,4.412817
CLIP ViT-B/32,409,2,car,-16.250654,4.671418
CLIP ViT-B/32,470,2,car,-15.034737,4.1113367
CLIP ViT-B/32,483,2,car,-18.789598,4.5277596
CLIP ViT-B/32,714,2,car,-22.939272,9.485527
CLIP ViT-B/32,981,2,car,-18.531897,6.8755727
CLIP ViT-B/32,1202,2,car,-15.374827,4.97163
CLIP ViT-B/32,1403,2,car,-18.848667,10.299161
CLIP ViT-B/32,1520,2,car,-22.25529,5.772247
CLIP ViT-B/32,1586,2,car,-18.59778,8.48148
CLIP ViT-B/32,1814,2,car,-19.717607,5.4933505
CLIP ViT-B/32,1839,2,car,-18.114813,7.150768
CLIP ViT-B/32,2082,2,car,-22.463663,5.222355
CLIP ViT-B/32,2392,2,car,-18.76422,5.9259715
CLIP ViT-B/32,2502,2,car,-15.422712,4.054974
CLIP ViT-B/32,3024,2,car,-23.060846,4.5707145
CLIP ViT-B/32,3067,2,car,-19.056932,5.8075705
CLIP ViT-B/32,3163,2,car,-18.446157,10.217399
CLIP ViT-B/32,3362,2,car,-15.585525,3.6856494
CLIP ViT-B/32,3454,2,car,-18.28846,8.190575
CLIP ViT-B/32,3755,2,car,-20.17617,9.6946
CLIP ViT-B/32,4065,2,car,-19.11237,8.967888
CLIP ViT-B/32,4735,2,car,-22.800488,4.1791368
CLIP ViT-B/32,4913,2,car,-20.996775,4.5564194
CLIP ViT-B/32,4921,2,car,-16.844093,8.989353
CLIP ViT-B/32,5030,2,car,-14.936341,4.1110663
CLIP ViT-B/32,5183,2,car,-16.80149,3.885113
CLIP ViT-B/32,5218,2,car,-15.557892,4.1115866
CLIP ViT-B/32,5237,2,car,-21.170225,4.6358523
CLIP ViT-B/32,5318,2,car,-21.666357,9.839908
CLIP ViT-B/32,5333,2,car,-19.389015,5.3991885
CLIP ViT-B/32,5395,2,car,-18.85245,9.560613
CLIP ViT-B/32,5512,2,car,-28.852833,8.983436
CLIP ViT-B/32,5677,2,car,-18.725695,9.604276
CLIP ViT-B/32,5756,2,car,-17.92112,8.85065
CLIP ViT-B/32,5824,2,car,-21.111328,9.909413
CLIP ViT-B/32,6028,2,car,-18.324028,7.486169
CLIP ViT-B/32,6244,2,car,-19.379921,8.295498
CLIP ViT-B/32,6264,2,car,-17.133047,8.267629
CLIP ViT-B/32,6271,2,car,-15.20777,4.7311745
CLIP ViT-B/32,6332,2,car,-22.762465,4.0625734
CLIP ViT-B/32,6354,2,car,-22.077261,6.4564996
CLIP ViT-B/32,6426,2,car,-17.585789,6.9307933
CLIP ViT-B/32,6503,2,car,-21.788443,5.068734
CLIP ViT-B/32,6616,2,car,-19.51438,7.5157886
CLIP ViT-B/32,6692,2,car,-22.530968,4.694472
CLIP ViT-B/32,7084,2,car,-17.291748,9.584583
CLIP ViT-B/32,7425,2,car,-17.29353,8.18248
CLIP ViT-B/32,176,3,cat,21.672012,-0.11724106
CLIP ViT-B/32,365,3,cat,17.23917,14.246311
CLIP ViT-B/32,372,3,cat,18.38397,13.912315
CLIP ViT-B/32,391,3,cat,25.143553,0.45676562
CLIP ViT-B/32,632,3,cat,21.92636,0.38088217
CLIP ViT-B/32,672,3,cat,23.28992,2.1971338
CLIP ViT-B/32,677,3,cat,17.464832,15.161328
CLIP ViT-B/32,738,3,cat,16.389706,13.474074
CLIP ViT-B/32,791,3,cat,17.456856,15.309105
CLIP ViT-B/32,979,3,cat,15.640844,16.09847
CLIP ViT-B/32,1204,3,cat,20.956419,-0.016309617
CLIP ViT-B/32,1263,3,cat,22.331718,2.8272662
CLIP ViT-B/32,1370,3,cat,17.25454,14.140385
CLIP ViT-B/32,1401,3,cat,19.463573,15.653697
CLIP ViT-B/32,1431,3,cat,16.298197,14.343499
CLIP ViT-B/32,1531,3,cat,19.518898,5.2434
CLIP ViT-B/32,1563,3,cat,24.994741,2.3744576
CLIP ViT-B/32,2028,3,cat,23.16128,2.575954
CLIP ViT-B/32,2291,3,cat,23.999943,2.0919127
CLIP ViT-B/32,2536,3,cat,22.312695,0.39695895
CLIP ViT-B/32,2539,3,cat,21.63648,-0.8711497
CLIP ViT-B/32,2754,3,cat,21.104097,1.2786531
CLIP ViT-B/32,2861,3,cat,18.319101,15.553842
CLIP ViT-B/32,3276,3,cat,23.56562,3.5175648
CLIP ViT-B/32,3375,3,cat,22.485046,3.709209
CLIP ViT-B/32,3383,3,cat,22.206314,0.82489884
CLIP ViT-B/32,3562,3,cat,20.587208,5.877859
CLIP ViT-B/32,3778,3,cat,18.631783,16.018991
CLIP ViT-B/32,3851,3,cat,15.292024,14.038823
CLIP ViT-B/32,3914,3,cat,21.10251,1.4822223
CLIP ViT-B/32,4023,3,cat,22.592443,4.3257976
CLIP ViT-B/32,4168,3,cat,16.011343,15.608893
CLIP ViT-B/32,4215,3,cat,15.823372,15.993601
CLIP ViT-B/32,4229,3,cat,21.089775,0.49683216
CLIP ViT-B/32,4323,3,cat,16.446133,14.7727
CLIP ViT-B/32,4330,3,cat,18.213469,6.952791
CLIP ViT-B/32,4463,3,cat,19.306585,15.162593
CLIP ViT-B/32,4531,3,cat,22.908184,2.9473972
CLIP ViT-B/32,4590,3,cat,17.917591,15.931144
CLIP ViT-B/32,4609,3,cat,25.449184,0.3944027
CLIP ViT-B/32,4821,3,cat,17.309322,12.988807
CLIP ViT-B/32,4881,3,cat,22.722273,0.10502866
CLIP ViT-B/32,4908,3,cat,18.259684,13.066464
CLIP ViT-B/32,5528,3,cat,18.17498,13.047887
CLIP ViT-B/32,6490,3,cat,21.899548,-0.17559615
CLIP ViT-B/32,6952,3,cat,17.239368,13.767842
CLIP ViT-B/32,7416,3,cat,16.75483,14.234715
CLIP ViT-B/32,7744,3,cat,16.02499,14.126981
CLIP ViT-B/32,7793,3,cat,16.010483,12.811963
CLIP ViT-B/32,7797,3,cat,20.251589,0.9512897
CLIP ViT-B/32,171,4,deer,10.990908,-16.800348
CLIP ViT-B/32,506,4,deer,7.49763,-16.562662
CLIP ViT-B/32,691,4,deer,12.782993,-17.50786
CLIP ViT-B/32,766,4,deer,2.4458072,1.0066876
CLIP ViT-B/32,855,4,deer,8.5448675,-14.846707
CLIP ViT-B/32,1111,4,deer,11.0354185,-19.106033
CLIP ViT-B/32,1124,4,deer,11.995052,-15.391257
CLIP ViT-B/32,1211,4,deer,9.009963,-15.601817
CLIP ViT-B/32,1266,4,deer,11.484639,-15.857858
CLIP ViT-B/32,1429,4,deer,11.263874,-14.053724
CLIP ViT-B/32,1960,4,deer,9.815246,-14.906633
CLIP ViT-B/32,2399,4,deer,7.5106306,-20.095346
CLIP ViT-B/32,2704,4,deer,10.352446,-15.8483715
CLIP ViT-B/32,2757,4,deer,7.612919,-14.628691
CLIP ViT-B/32,2898,4,deer,11.661927,-17.922436
CLIP ViT-B/32,3034,4,deer,9.795111,-17.1677
CLIP ViT-B/32,3078,4,deer,7.4439774,-16.864836
CLIP ViT-B/32,3122,4,deer,13.812398,-15.66231
CLIP ViT-B/32,3179,4,deer,7.1130223,-18.134184
CLIP ViT-B/32,3287,4,deer,11.15311,-18.03126
CLIP ViT-B/32,3365,4,deer,7.5256605,-19.105696
CLIP ViT-B/32,3458,4,deer,9.912045,-18.121485
CLIP ViT-B/32,3512,4,deer,11.985364,-16.144789
CLIP ViT-B/32,3763,4,deer,9.56437,-19.295729
CLIP ViT-B/32,3891,4,deer,11.16428,-15.660405
CLIP ViT-B/32,3994,4,deer,11.455168,-16.188068
CLIP ViT-B/32,4054,4,deer,8.788349,-19.540117
CLIP ViT-B/32,4629,4,deer,8.39588,-16.507555
CLIP ViT-B/32,4642,4,deer,10.547539,-16.25123
CLIP ViT-B/32,4740,4,deer,9.385455,-16.739721
CLIP ViT-B/32,5062,4,deer,9.877824,-15.898044
CLIP ViT-B/32,5077,4,deer,10.087417,-19.007912
CLIP ViT-B/32,5135,4,deer,9.261563,-14.329664
CLIP ViT-B/32,5213,4,deer,9.106328,-18.21369
CLIP ViT-B/32,5402,4,deer,9.566488,-19.990486
CLIP ViT-B/32,5467,4,deer,9.389535,-18.797344
CLIP ViT-B/32,5556,4,deer,10.617243,-19.133106
CLIP ViT-B/32,5623,4,deer,7.989047,-18.322771
CLIP ViT-B/32,5789,4,deer,8.208185,-19.66127
CLIP ViT-B/32,6033,4,deer,8.633899,-16.904413
CLIP ViT-B/32,6097,4,deer,9.424319,-19.83806
CLIP ViT-B/32,6288,4,deer,13.139438,-16.656786
CLIP ViT-B/32,6508,4,deer,10.501238,-20.059742
CLIP ViT-B/32,6528,4,deer,10.124116,-13.669534
CLIP ViT-B/32,7475,4,deer,8.468965,-19.070927
CLIP ViT-B/32,7610,4,deer,13.005995,-16.609137
CLIP ViT-B/32,7692,4,deer,6.799903,-16.778084
CLIP ViT-B/32,7864,4,deer,9.144575,-19.512945
CLIP ViT-B/32,7940,4,deer,11.140053,-16.478407
CLIP ViT-B/32,7944,4,deer,12.83202,-14.896332
CLIP ViT-B/32,97,5,dog,12.946864,8.71548
CLIP ViT-B/32,319,5,dog,11.632419,10.878828
CLIP ViT-B/32,378,5,dog,14.15393,9.650974
CLIP ViT-B/32,568,5,dog,13.361156,11.867125
CLIP ViT-B/32,645,5,dog,13.066726,6.4750733
CLIP ViT-B/32,685,5,dog,14.199622,10.168334
CLIP ViT-B/32,1095,5,dog,14.791306,9.8413105
CLIP ViT-B/32,1552,5,dog,15.035591,5.293266
CLIP ViT-B/32,1626,5,dog,13.744087,8.655002
CLIP ViT-B/32,1644,5,dog,12.200969,8.219493
CLIP ViT-B/32,1877,5,dog,14.088829,6.01499
CLIP ViT-B/32,2265,5,dog,13.766044,6.7160797
CLIP ViT-B/32,2268,5,dog,13.091946,10.095581
CLIP ViT-B/32,2334,5,dog,12.073919,7.91333
CLIP ViT-B/32,2391,5,dog,13.509003,4.289319
CLIP ViT-B/32,2427,5,dog,11.517028,8.006629
CLIP ViT-B/32,2458,5,dog,13.302644,7.4103074
CLIP ViT-B/32,2623,5,dog,14.81159,10.776842
CLIP ViT-B/32,2766,5,dog,12.8158,9.551659
CLIP ViT-B/32,2807,5,dog,11.725349,3.393804
CLIP ViT-B/32,2950,5,dog,13.559838,10.602723
CLIP ViT-B/32,3353,5,dog,17.23458,9.182557
CLIP ViT-B/32,3852,5,dog,12.176739,11.775725
CLIP ViT-B/32,3863,5,dog,10.266924,8.831814
CLIP ViT-B/32,3889,5,dog,13.550756,8.891022
CLIP ViT-B/32,4106,5,dog,13.022867,4.8232737
CLIP ViT-B/32,4290,5,dog,13.827769,3.7369134
CLIP ViT-B/32,4547,5,dog,12.481753,10.87413
CLIP ViT-B/32,4570,5,dog,11.082308,7.4650464
CLIP ViT-B/32,4850,5,dog,14.374879,10.644987
CLIP ViT-B/32,4953,5,dog,10.729668,10.662537
CLIP ViT-B/32,4966,5,dog,11.852573,12.0518465
CLIP ViT-B/32,5101,5,dog,12.824364,7.7555714
CLIP ViT-B/32,5332,5,dog,13.645833,5.496349
CLIP ViT-B/32,5381,5,dog,15.843348,6.8841863
CLIP ViT-B/32,5496,5,dog,11.370918,10.098768
CLIP ViT-B/32,5701,5,dog,13.150283,11.383921
CLIP ViT-B/32,5924,5,dog,16.151333,4.6482487
CLIP ViT-B/32,6224,5,dog,10.403714,7.209807
CLIP ViT-B/32,6358,5,dog,17.35263,8.9286585
CLIP ViT-B/32,6414,5,dog,16.023277,10.913585
CLIP ViT-B/32,6716,5,dog,10.268718,10.9959955
CLIP ViT-B/32,6922,5,dog,12.396316,6.6062703
CLIP ViT-B/32,6989,5,dog,9.583126,7.004001
CLIP ViT-B/32,7041,5,dog,16.486853,9.898877
CLIP ViT-B/32,7130,5,dog,10.719628,8.590071
CLIP ViT-B/32,7413,5,dog,25.347948,0.8680107
CLIP ViT-B/32,7474,5,dog,13.224502,5.8033037
CLIP ViT-B/32,7706,5,dog,10.136834,11.604396
CLIP ViT-B/32,7776,5,dog,11.106499,6.674824
CLIP ViT-B/32,449,6,horse,3.9355261,0.49664623
CLIP ViT-B/32,545,6,horse,-0.23510255,2.0156121
CLIP ViT-B/32,873,6,horse,8.196481,-13.133766
CLIP ViT-B/32,890,6,horse,2.920461,0.43792656
CLIP ViT-B/32,920,6,horse,5.6023426,-1.7572346
CLIP ViT-B/32,929,6,horse,1.4629962,-1.9129922
CLIP ViT-B/32,964,6,horse,0.15531729,-3.851011
CLIP ViT-B/32,977,6,horse,2.3079188,-1.1021057
CLIP ViT-B/32,1534,6,horse,-0.23917645,2.5001912
CLIP ViT-B/32,1667,6,horse,0.5154013,0.5658241
CLIP ViT-B/32,2003,6,horse,1.312881,-1.337397
CLIP ViT-B/32,2610,6,horse,-1.2518532,-3.641554
CLIP ViT-B/32,2676,6,horse,-0.93329936,-1.0197002
CLIP ViT-B/32,2958,6,horse,3.017906,-1.4880701
CLIP ViT-B/32,3191,6,horse,0.41461572,1.6636149
CLIP ViT-B/32,3292,6,horse,-1.5189288,-2.0367339
CLIP ViT-B/32,3418,6,horse,2.8989873,-2.5836344
CLIP ViT-B/32,3494,6,horse,1.4920095,-2.7110374
CLIP ViT-B/32,3515,6,horse,5.2290864,-1.6746483
CLIP ViT-B/32,3777,6,horse,3.421463,-0.46609202
CLIP ViT-B/32,3779,6,horse,4.179198,-1.2590892
CLIP ViT-B/32,3844,6,horse,5.201564,-0.324445
CLIP ViT-B/32,3962,6,horse,4.6457963,-1.815366
CLIP ViT-B/32,4011,6,horse,0.64650065,-3.2180054
CLIP ViT-B/32,4093,6,horse,0.07911504,-3.735938
CLIP ViT-B/32,4254,6,horse,4.8986654,-2.1718519
CLIP ViT-B/32,4341,6,horse,3.20833,-0.031113058
CLIP ViT-B/32,4411,6,horse,-1.1662719,-3.1864934
CLIP ViT-B/32,4620,6,horse,-1.1298376,-2.2549741
CLIP ViT-B/32,4731,6,horse,2.6713703,-1.7254305
CLIP ViT-B/32,4746,6,horse,5.27734,-2.297759
CLIP ViT-B/32,4754,6,horse,3.851267,-2.3948426
CLIP ViT-B/32,4827,6,horse,-1.2347611,-4.7159796
CLIP ViT-B/32,5082,6,horse,2.8859148,-2.2522109
CLIP ViT-B/32,5382,6,horse,-0.88759273,0.9422209
CLIP ViT-B/32,5408,6,horse,4.6592097,-2.934371
CLIP ViT-B/32,5580,6,horse,2.179671,-2.178577
CLIP ViT-B/32,5729,6,horse,2.7674608,-0.39928284
CLIP ViT-B/32,5857,6,horse,2.3042321,-4.623371
CLIP ViT-B/32,5858,6,horse,5.3179655,-1.1949337
CLIP ViT-B/32,6381,6,horse,-0.84460205,0.78888893
CLIP ViT-B/32,6713,6,horse,-0.49209803,1.4786056
CLIP ViT-B/32,7108,6,horse,4.1905894,-0.6677932
CLIP ViT-B/32,7338,6,horse,2.2796628,-4.5182962
CLIP ViT-B/32,7555,6,horse,1.0670962,1.2871256
CLIP ViT-B/32,7600,6,horse,-1.2275245,-4.8871965
CLIP ViT-B/32,7726,6,horse,3.7882688,-1.6633518
CLIP ViT-B/32,7779,6,horse,-0.63287294,-2.6588035
CLIP ViT-B/32,7781,6,horse,5.541515,-2.654512
CLIP ViT-B/32,7996,6,horse,1.001364,-1.577679
CLIP ViT-B/32,29,7,monkey,29.607023,8.642464
CLIP ViT-B/32,269,7,monkey,29.246853,8.980912
CLIP ViT-B/32,323,7,monkey,26.992834,8.4240465
CLIP ViT-B/32,370,7,monkey,29.444641,6.966312
CLIP ViT-B/32,1032,7,monkey,30.992622,3.4892495
CLIP ViT-B/32,1048,7,monkey,28.039398,3.2536948
CLIP ViT-B/32,1220,7,monkey,26.925089,5.8220744
CLIP ViT-B/32,1287,7,monkey,22.689623,5.4245434
CLIP ViT-B/32,1296,7,monkey,27.896448,5.3126807
CLIP ViT-B/32,1440,7,monkey,27.801512,5.2307177
CLIP ViT-B/32,1473,7,monkey,31.806816,6.542873
CLIP ViT-B/32,1579,7,monkey,31.658173,8.627529
CLIP ViT-B/32,1703,7,monkey,24.928953,5.3966374
CLIP ViT-B/32,1711,7,monkey,31.571918,8.423775
CLIP ViT-B/32,1771,7,monkey,28.930676,9.64907
CLIP ViT-B/32,1884,7,monkey,29.36625,3.27354
CLIP ViT-B/32,1927,7,monkey,28.22694,8.289505
CLIP ViT-B/32,1956,7,monkey,24.135662,6.9552016
CLIP ViT-B/32,2501,7,monkey,30.014162,7.509609
CLIP ViT-B/32,2668,7,monkey,26.87051,5.2829523
CLIP ViT-B/32,2746,7,monkey,28.219473,7.5992417
CLIP ViT-B/32,2854,7,monkey,27.291111,6.2280426
CLIP ViT-B/32,3153,7,monkey,26.08887,5.9316645
CLIP ViT-B/32,3288,7,monkey,28.53781,6.0216846
CLIP ViT-B/32,3404,7,monkey,29.582394,6.6839347
CLIP ViT-B/32,3446,7,monkey,29.795883,4.4460235
CLIP ViT-B/32,3467,7,monkey,26.119413,4.6767454
CLIP ViT-B/32,3542,7,monkey,28.892519,7.1080446
CLIP ViT-B/32,3867,7,monkey,29.299412,6.5934935
CLIP ViT-B/32,4172,7,monkey,26.288126,5.87089
CLIP ViT-B/32,4236,7,monkey,30.40158,5.15882
CLIP ViT-B/32,4308,7,monkey,30.622766,6.5018535
CLIP ViT-B/32,4403,7,monkey,28.785488,6.114391
CLIP ViT-B/32,4661,7,monkey,26.680595,7.012875
CLIP ViT-B/32,4704,7,monkey,28.910013,5.2418513
CLIP ViT-B/32,4748,7,monkey,30.546986,5.6021714
CLIP ViT-B/32,4791,7,monkey,29.868788,5.910507
CLIP ViT-B/32,5436,7,monkey,27.726034,6.362494
CLIP ViT-B/32,5450,7,monkey,30.840826,4.987247
CLIP ViT-B/32,5719,7,monkey,31.570107,5.4318266
CLIP ViT-B/32,5848,7,monkey,28.379404,5.483641
CLIP ViT-B/32,5977,7,monkey,30.947044,3.9844046
CLIP ViT-B/32,6084,7,monkey,31.201054,3.5971928
CLIP ViT-B/32,6190,7,monkey,27.877356,6.73334
CLIP ViT-B/32,6650,7,monkey,29.130753,3.5412314
CLIP ViT-B/32,6726,7,monkey,27.158226,3.843143
CLIP ViT-B/32,6772,7,monkey,24.203445,6.7986336
CLIP ViT-B/32,7081,7,monkey,29.687534,2.7249293
CLIP ViT-B/32,7270,7,monkey,24.717796,7.28112
CLIP ViT-B/32,7835,7,monkey,29.635653,4.8916516
CLIP ViT-B/32,151,8,ship,-45.892403,3.0273848
CLIP ViT-B/32,194,8,ship,-45.22421,1.3425167
CLIP ViT-B/32,667,8,ship,-45.851692,-0.96981895
CLIP ViT-B/32,706,8,ship,-42.007915,-0.048760373
CLIP ViT-B/32,716,8,ship,-46.640068,3.711588
CLIP ViT-B/32,739,8,ship,-45.02333,2.4043555
CLIP ViT-B/32,962,8,ship,-46.063972,1.951103
CLIP ViT-B/32,1129,8,ship,-43.595314,-1.5717893
CLIP ViT-B/32,1247,8,ship,-45.819805,4.2485003
CLIP ViT-B/32,1640,8,ship,-47.275326,0.11322837
CLIP ViT-B/32,1783,8,ship,-47.63347,1.8939582
CLIP ViT-B/32,1833,8,ship,-46.137047,3.5647426
CLIP ViT-B/32,1954,8,ship,-44.133972,-2.6366012
CLIP ViT-B/32,2109,8,ship,-43.176395,-0.56753117
CLIP ViT-B/32,2191,8,ship,-45.295353,0.007890922
CLIP ViT-B/32,2230,8,ship,-47.120346,2.9280922
CLIP ViT-B/32,2340,8,ship,-46.94831,1.3890533
CLIP ViT-B/32,2342,8,ship,-47.445805,0.3567806
CLIP ViT-B/32,2745,8,ship,-45.687496,1.3365195
CLIP ViT-B/32,2844,8,ship,-41.615913,-1.7669563
CLIP ViT-B/32,3015,8,ship,-46.521152,1.4989903
CLIP ViT-B/32,3157,8,ship,-46.188454,2.0165586
CLIP ViT-B/32,3412,8,ship,-46.14081,-0.7895093
CLIP ViT-B/32,3905,8,ship,-41.20477,-1.2962081
CLIP ViT-B/32,3948,8,ship,-41.703045,-1.2582158
CLIP ViT-B/32,4069,8,ship,-41.50004,0.96505195
CLIP ViT-B/32,4170,8,ship,-43.42599,1.604295
CLIP ViT-B/32,4177,8,ship,-46.519146,2.2763574
CLIP ViT-B/32,4242,8,ship,-45.704704,3.0144362
CLIP ViT-B/32,4311,8,ship,-46.48277,1.1190891
CLIP ViT-B/32,4355,8,ship,-44.632427,1.063217
CLIP ViT-B/32,4552,8,ship,-44.611988,2.482142
CLIP ViT-B/32,4662,8,ship,-47.357944,1.3401502
CLIP ViT-B/32,4676,8,ship,-45.6335,1.1079316
CLIP ViT-B/32,4990,8,ship,-44.66895,3.9727228
CLIP ViT-B/32,5000,8,ship,-48.100216,0.89510876
CLIP ViT-B/32,5451,8,ship,-45.588085,-0.7353183
CLIP ViT-B/32,5525,8,ship,-43.686314,-1.4057342
CLIP ViT-B/32,5694,8,ship,-41.04257,-1.3776456
CLIP ViT-B/32,5705,8,ship,-46.743656,0.86983836
CLIP ViT-B/32,6434,8,ship,-46.767925,-1.0465753
CLIP ViT-B/32,6689,8,ship,-43.549053,1.3790771
CLIP ViT-B/32,7138,8,ship,-46.323494,-0.08944116
CLIP ViT-B/32,7446,8,ship,-42.683422,-0.79617983
CLIP ViT-B/32,7460,8,ship,-42.480427,0.3870604
CLIP ViT-B/32,7476,8,ship,-43.84278,-3.1515193
CLIP ViT-B/32,7810,8,ship,-44.54861,-0.70507246
CLIP ViT-B/32,7818,8,ship,-45.19954,3.310836
CLIP ViT-B/32,7875,8,ship,-42.113678,0.43907183
CLIP ViT-B/32,7999,8,ship,-45.22152,-1.5281166
CLIP ViT-B/32,131,9,truck,-29.277143,11.638549
CLIP ViT-B/32,191,9,truck,-24.82031,9.462621
CLIP ViT-B/32,239,9,truck,-26.728455,10.894419
CLIP ViT-B/32,276,9,truck,-28.963717,9.444102
CLIP ViT-B/32,303,9,truck,-25.740843,13.426902
CLIP ViT-B/32,419,9,truck,-26.58056,9.956085
CLIP ViT-B/32,603,9,truck,-25.81397,10.608285
CLIP ViT-B/32,805,9,truck,-30.865976,8.934433
CLIP ViT-B/32,852,9,truck,-26.289238,12.440346
CLIP ViT-B/32,1022,9,truck,-26.06699,9.502551
CLIP ViT-B/32,1411,9,truck,-26.820814,13.350938
CLIP ViT-B/32,1430,9,truck,-28.142138,11.277099
CLIP ViT-B/32,1468,9,truck,-30.760702,7.48184
CLIP ViT-B/32,1515,9,truck,-25.293232,11.684299
CLIP ViT-B/32,1654,9,truck,-29.758541,11.928512
CLIP ViT-B/32,1836,9,truck,-27.569046,12.487957
CLIP ViT-B/32,2011,9,truck,-26.98701,12.097271
CLIP ViT-B/32,2062,9,truck,-25.4947,12.926189
CLIP ViT-B/32,2114,9,truck,-30.687244,7.1496143
CLIP ViT-B/32,2167,9,truck,-27.551361,13.202817
CLIP ViT-B/32,2351,9,truck,-25.943869,14.119876
CLIP ViT-B/32,2414,9,truck,-31.680382,11.0983
CLIP ViT-B/32,2655,9,truck,-27.276953,8.551693
CLIP ViT-B/32,3318,9,truck,-27.843172,8.742808
CLIP ViT-B/32,3893,9,truck,-28.903513,13.624557
CLIP ViT-B/32,3942,9,truck,-30.28725,12.181976
CLIP ViT-B/32,3996,9,truck,-24.41087,12.71304
CLIP ViT-B/32,4094,9,truck,-25.00721,13.488815
CLIP ViT-B/32,4449,9,truck,-29.405636,9.587234
CLIP ViT-B/32,4723,9,truck,-31.229614,11.238145
CLIP ViT-B/32,5284,9,truck,-29.06204,10.604279
CLIP ViT-B/32,5301,9,truck,-28.245237,10.038554
CLIP ViT-B/32,5360,9,truck,-30.214045,7.502728
CLIP ViT-B/32,5447,9,truck,-25.038378,12.304861
CLIP ViT-B/32,5452,9,truck,-26.733358,11.365029
CLIP ViT-B/32,5508,9,truck,-27.127499,14.467092
CLIP ViT-B/32,5572,9,truck,-27.58766,10.59769
CLIP ViT-B/32,5590,9,truck,-24.758022,14.047203
CLIP ViT-B/32,5788,9,truck,-30.678528,7.2414026
CLIP ViT-B/32,5851,9,truck,-26.18283,13.541237
CLIP ViT-B/32,5915,9,truck,-29.774738,9.805206
CLIP ViT-B/32,5981,9,truck,-27.338022,11.417045
CLIP ViT-B/32,6931,9,truck,-31.162674,11.396015
CLIP ViT-B/32,7047,9,truck,-26.153238,13.032091
CLIP ViT-B/32,7266,9,truck,-29.600395,11.329492
CLIP ViT-B/32,7380,9,truck,-25.717323,13.316071
CLIP ViT-B/32,7544,9,truck,-30.9205,7.669991
CLIP ViT-B/32,7752,9,truck,-30.854172,7.2964544
CLIP ViT-B/32,7938,9,truck,-29.838415,12.308353
CLIP ViT-B/32,7995,9,truck,-24.709318,10.805112
