dataset_index,true_label,resnet_prediction,resnet_confidence,vit_prediction,vit_confidence,clip_head_prediction,clip_head_confidence,clip_zero_shot_prediction,clip_zero_shot_confidence
3,0,0,0.8638709,0,0.96519643,0,0.57320845,0,0.9328842
42,0,0,0.5849539,0,0.9992015,0,0.69677186,0,0.95536965
81,0,0,0.99524564,0,0.99673754,0,0.5511516,0,0.8088294
484,0,0,0.8416674,0,0.99546576,0,0.7809882,0,0.977261
562,0,0,0.99888164,0,0.9934901,0,0.61895186,0,0.9303562
1175,0,0,0.9857276,0,0.9994752,0,0.78607875,0,0.981043
1389,0,0,0.96392906,0,0.9994086,0,0.71433294,0,0.97948635
1553,0,0,0.9288969,0,0.9949196,0,0.6282037,0,0.9520833
1596,0,0,0.8726041,0,0.9554947,0,0.7686281,0,0.9764282
1648,0,0,0.9322658,0,0.99624383,0,0.6505667,0,0.987164
1977,0,0,0.9461328,0,0.9931003,0,0.6814191,0,0.80860054
2024,0,0,0.97240746,0,0.994024,0,0.69781935,0,0.9417574
2242,0,0,0.9942947,0,0.9987042,0,0.6768885,0,0.9789163
2750,0,0,0.9813976,0,0.99073046,0,0.49095118,0,0.5934655
2888,0,0,0.8959723,0,0.9933041,0,0.6847633,0,0.9656677
3025,0,0,0.93826973,0,0.99820197,0,0.59946764,0,0.79372084
3083,0,0,0.9523942,0,0.9927337,0,0.7573367,0,0.9864892
3347,0,0,0.99351454,0,0.9997863,0,0.7578923,0,0.98471445
3437,0,0,0.9963648,0,0.9825781,0,0.35420653,0,0.58467185
3455,0,0,0.9621754,0,0.9924298,0,0.70126903,0,0.9001703
3876,0,0,0.9573083,0,0.99877995,0,0.49710327,0,0.6633999
3965,0,0,0.9141905,0,0.9973151,0,0.66104156,0,0.9856662
4130,0,0,0.9947796,0,0.99979836,0,0.6832995,0,0.960958
4399,0,0,0.98351383,0,0.9890598,0,0.62031263,0,0.9179511
4539,0,0,0.98913,0,0.99928206,0,0.7470258,0,0.98106706
4615,0,0,0.93629324,0,0.99964786,0,0.761057,0,0.9756941
4617,0,0,0.980272,0,0.9997348,0,0.7323884,0,0.9576719
4675,0,0,0.9686307,0,0.99364626,0,0.6905123,0,0.99015605
4785,0,0,0.82635164,0,0.9834579,0,0.5570053,0,0.94910765
4819,0,0,0.99761707,0,0.99968386,0,0.7046298,0,0.976213
4893,0,0,0.9761054,0,0.997598,0,0.7602758,0,0.97599024
5117,0,0,0.97547764,0,0.9990138,0,0.6318222,0,0.92533123
5478,0,0,0.8527552,0,0.8284383,0,0.59787005,0,0.943663
5912,0,0,0.9979873,0,0.99730253,0,0.7679566,0,0.9665444
5918,0,0,0.9926628,0,0.9999082,0,0.73726887,0,0.96324736
5999,0,0,0.9937512,0,0.9997131,0,0.7189397,0,0.9818636
6437,0,0,0.9308898,0,0.9938491,0,0.68182117,0,0.98892283
6455,0,0,0.94724786,0,0.9996582,0,0.6289901,0,0.9451706
6609,0,0,0.9818626,0,0.99883324,0,0.7042632,0,0.9806661
6844,0,0,0.9682584,0,0.99947685,0,0.7408291,0,0.87294614
6986,0,0,0.94264776,0,0.99475044,0,0.678991,0,0.9116679
7009,0,0,0.9614823,0,0.9970299,0,0.65468836,0,0.97145957
7150,0,0,0.95042866,0,0.9983329,0,0.7887974,0,0.99509865
7262,0,0,0.99068844,0,0.99964917,0,0.76819897,0,0.9783865
7309,0,0,0.9675147,0,0.99783957,0,0.60667783,0,0.9687928
7320,0,0,0.99310124,0,0.99896777,0,0.63379693,0,0.95255077
7372,0,0,0.9108431,0,0.98673964,0,0.69378996,0,0.9697543
7373,0,0,0.8732003,0,0.99591714,0,0.71903443,0,0.98453736
7465,0,0,0.9745565,0,0.9978231,0,0.70799774,0,0.9850359
7634,0,0,0.9803991,0,0.99883777,0,0.7939221,0,0.9907947
95,1,1,0.9960898,1,0.99969673,1,0.7084281,1,0.99801207
116,1,1,0.9578548,1,0.999899,1,0.53658074,1,0.996655
198,1,1,0.97609097,1,0.99927133,1,0.6873423,1,0.9980102
261,1,1,0.6372592,1,0.29969084,1,0.4858282,1,0.99104345
304,1,1,0.9961106,1,0.68135345,1,0.4036404,1,0.9757612
825,1,1,0.97893035,1,0.99642986,1,0.50472957,1,0.97289634
1090,1,1,0.9722182,1,0.99503905,1,0.52196777,1,0.9901114
1109,1,1,0.99963,1,0.7665022,1,0.51631206,1,0.9947503
1115,1,1,0.99600476,1,0.8394225,1,0.6516262,1,0.9896102
1230,1,1,0.79409945,1,0.58705103,7,0.3542878,1,0.9284088
1436,1,1,0.987102,1,0.9994155,1,0.76574343,1,0.9971437
1568,1,1,0.8302127,1,0.9490313,1,0.55329794,1,0.99564713
1852,1,1,0.99952793,1,0.9999461,1,0.80393606,1,0.9979443
1871,1,1,0.67835325,1,0.90349764,1,0.3957534,1,0.9519229
1986,1,1,0.8880688,1,0.9819218,1,0.39063236,1,0.9598814
1993,1,1,0.99942845,1,0.99997437,1,0.7232329,1,0.9973923
2070,1,1,0.98022664,1,0.99602365,1,0.5560637,1,0.9953695
2095,1,1,0.9757825,1,0.98942226,1,0.50260854,1,0.9730042
2116,1,3,0.9919002,3,0.9957724,1,0.43712428,1,0.98368144
2157,1,1,0.9995198,1,0.9996171,1,0.66051495,1,0.99565
2178,1,1,0.99990106,1,0.99962735,1,0.5217044,1,0.99348515
2687,1,1,0.9994679,1,0.9999627,1,0.76815563,1,0.9988212
2690,1,1,0.96877,1,0.9990671,1,0.6886188,1,0.99900585
3079,1,1,0.9917611,1,0.99718636,1,0.75082374,1,0.99740475
3413,1,1,0.99888664,1,0.99998116,1,0.7821335,1,0.99850285
3491,1,1,0.9908791,1,0.99983585,1,0.6597701,1,0.9966619
3550,1,1,0.89809,1,0.9905151,1,0.566735,1,0.9939804
3937,1,1,0.94120866,1,0.9931137,1,0.7129588,1,0.9980253
4298,1,1,0.9972083,1,0.9999645,1,0.75912976,1,0.9986689
4640,1,1,0.79237455,1,0.9918155,1,0.55305296,1,0.88253564
5092,1,1,0.99583226,1,0.99973017,1,0.75520766,1,0.99928576
5123,1,1,0.99310464,1,0.9971034,1,0.52899534,1,0.9930407
5220,1,3,0.4281182,1,0.5336614,3,0.17911163,5,0.39327106
5256,1,1,0.9862518,1,0.9996722,1,0.5805627,1,0.99501437
5488,1,7,0.9264304,1,0.26550093,1,0.2960938,1,0.9570979
5560,1,1,0.4915376,1,0.7915489,1,0.51321554,1,0.99481404
6076,1,1,0.9921862,1,0.99970955,1,0.76236814,1,0.9985763
6169,1,1,0.88798773,1,0.5429668,1,0.26619604,1,0.9296007
6349,1,1,0.9975466,1,0.99978226,1,0.64055604,1,0.9939896
6594,1,1,0.97998697,1,0.92446965,1,0.54938483,1,0.9870545
6733,1,1,0.8075634,1,0.9827266,1,0.3929808,1,0.9534427
6805,1,1,0.85881394,1,0.68491316,1,0.5327871,1,0.9725037
6836,1,1,0.77263993,1,0.982015,1,0.7190137,1,0.9967367
6938,1,1,0.9978508,1,0.9997205,1,0.77094954,1,0.999218
6954,1,1,0.98743767,1,0.96801245,1,0.49108064,1,0.9810647
7029,1,1,0.9059437,1,0.9842285,1,0.68992954,1,0.99607533
7033,1,1,0.9927147,1,0.9992417,1,0.5672949,1,0.98089796
7202,1,1,0.8649456,1,0.9536472,1,0.6623953,1,0.99753284
7390,1,1,0.89986837,1,0.9533559,1,0.66565925,1,0.9553703
7955,1,1,0.9979413,1,0.99998665,1,0.7182414,1,0.99848783
35,2,2,0.9679652,2,0.99840987,2,0.51425344,2,0.9496663
49,2,2,0.9683667,2,0.99579805,2,0.721949,2,0.9894873
317,2,2,0.98549104,2,0.997428,2,0.6928609,2,0.98074454
409,2,2,0.9987513,2,0.99955565,2,0.77948457,2,0.97748464
470,2,2,0.9691311,2,0.9980342,2,0.7216934,2,0.9750574
483,2,2,0.9429744,2,0.9868509,2,0.59421676,2,0.9885422
714,2,2,0.9817708,2,0.8096005,2,0.22609153,2,0.6272738
981,2,2,0.97642756,2,0.9991868,2,0.63816684,2,0.9805772
1202,2,2,0.9504232,2,0.9959766,2,0.75001484,2,0.98705715
1403,2,2,0.99687165,2,0.9996062,2,0.6302256,2,0.99198896
1520,2,2,0.98438394,2,0.99967444,2,0.4555244,2,0.9442671
1586,2,2,0.99493694,2,0.9997056,2,0.7635823,2,0.9828776
1814,2,2,0.95288503,2,0.97918975,2,0.5746835,2,0.9746266
1839,2,2,0.9898309,2,0.9969982,2,0.68381417,2,0.97661406
2082,2,2,0.9748503,2,0.9970721,2,0.44567174,2,0.8050557
2392,2,2,0.9885865,2,0.9997192,2,0.6818543,2,0.9315225
2502,2,2,0.9642085,2,0.998516,2,0.72011924,2,0.9743765
3024,2,2,0.97821075,2,0.9996393,2,0.6888513,2,0.9730123
3067,2,2,0.96243507,2,0.99957174,2,0.6401851,2,0.89714795
3163,2,2,0.99682164,2,0.99979514,2,0.7197043,2,0.9912384
3362,2,2,0.97599185,2,0.9996669,2,0.67847496,2,0.9776012
3454,2,2,0.9843061,2,0.99969363,2,0.72007865,2,0.94063264
3755,2,2,0.994789,2,0.9996437,2,0.6629413,2,0.98300767
4065,2,2,0.9903538,2,0.999666,2,0.60343254,2,0.8650728
4735,2,2,0.9513476,2,0.9977113,2,0.5873531,2,0.946886
4913,2,2,0.9870408,2,0.9997665,2,0.58014333,2,0.920394
4921,2,2,0.99545753,2,0.9997764,2,0.6174847,2,0.9768768
5030,2,2,0.97513247,2,0.9995372,2,0.7565014,2,0.97449535
5183,2,2,0.9210305,2,0.9988268,2,0.65411496,2,0.9861377
5218,2,2,0.9606389,2,0.9988318,2,0.7156587,2,0.9643192
5237,2,2,0.92931366,2,0.9674128,2,0.47694197,2,0.7900773
5318,2,2,0.9956191,2,0.9966888,2,0.31059614,2,0.786416
5333,2,2,0.9805684,2,0.9975872,2,0.7166666,2,0.9785467
5395,2,2,0.9988636,2,0.9998336,2,0.7433166,2,0.9836362
5512,2,9,0.9849777,9,0.42842537,9,0.3216774,9,0.67120963
5677,2,2,0.9854607,2,0.9995646,2,0.6985291,2,0.91114295
5756,2,2,0.9992698,2,0.99961394,2,0.7538327,2,0.98425907
5824,2,2,0.9944511,2,0.99630153,2,0.3539642,2,0.73505825
6028,2,2,0.990633,2,0.9993917,2,0.70786285,2,0.97864234
6244,2,2,0.9866746,2,0.9997509,2,0.6175689,2,0.96025884
6264,2,2,0.99467164,2,0.9999548,2,0.6966419,2,0.9859477
6271,2,2,0.9632252,2,0.9935213,2,0.70719725,2,0.97848856
6332,2,2,0.9734736,2,0.9987832,2,0.57490706,2,0.968914
6354,2,2,0.9966439,2,0.99366075,2,0.4814402,2,0.9272672
6426,2,2,0.99793977,2,0.9998455,2,0.77470946,2,0.9882471
6503,2,2,0.98263216,2,0.99830425,2,0.5608725,2,0.95128757
6616,2,2,0.984117,2,0.9992811,2,0.57646286,2,0.9608314
6692,2,2,0.9660972,2,0.9993463,2,0.60951966,2,0.9346324
7084,2,2,0.997282,2,0.99991405,2,0.53935,2,0.83718574
7425,2,2,0.99858034,2,0.9999609,2,0.73797816,2,0.9860117
176,3,3,0.99602026,3,0.99881566,3,0.62497306,3,0.86795574
365,3,3,0.88125145,3,0.9935103,3,0.52821267,3,0.9514147
372,3,3,0.9983688,3,0.9988556,3,0.65126646,3,0.9623432
391,3,3,0.99319434,3,0.99984777,3,0.5506253,4,0.5019595
632,3,3,0.9660215,3,0.9996748,3,0.71183,3,0.946058
672,3,3,0.9967732,3,0.99996793,3,0.6354615,3,0.6589463
677,3,3,0.8992527,3,0.9967307,3,0.54157096,3,0.9713849
738,3,3,0.6707957,3,0.8476386,3,0.5295993,3,0.97552353
791,3,3,0.9280249,3,0.9980484,3,0.62824357,3,0.97967654
979,3,3,0.99926454,3,0.98807716,3,0.5012936,3,0.97647196
1204,3,3,0.99627495,3,0.9999423,3,0.60388756,3,0.77359486
1263,3,3,0.9478124,3,0.9939534,3,0.3415422,4,0.93491197
1370,3,3,0.9730321,3,0.9994129,3,0.5324837,3,0.9671874
1401,3,3,0.9974969,3,0.999326,3,0.6372762,3,0.93755054
1431,3,3,0.9745695,3,0.9890648,3,0.5308829,3,0.94914347
1531,3,3,0.6357317,3,0.9982344,3,0.31338122,4,0.3469294
1563,3,3,0.75407326,3,0.99432594,7,0.48918152,7,0.8989782
2028,3,3,0.9989415,3,0.99949133,3,0.61032856,3,0.82392
2291,3,3,0.93820804,3,0.9159827,3,0.52455354,3,0.79296845
2536,3,3,0.9890773,3,0.99992025,3,0.6169143,3,0.7084248
2539,3,3,0.99543977,3,0.99893874,3,0.59802926,3,0.76202714
2754,3,3,0.9305017,3,0.9984322,3,0.6942466,3,0.97648937
2861,3,3,0.9844281,3,0.9986652,3,0.59737927,3,0.97151786
3276,3,3,0.80705017,3,0.9554789,3,0.3189319,7,0.7741303
3375,3,3,0.8171793,3,0.9824859,3,0.5397702,3,0.850177
3383,3,3,0.9507512,3,0.99647564,3,0.6335421,3,0.7582364
3562,3,3,0.95015913,3,0.9908098,3,0.23943166,4,0.7085089
3778,3,3,0.6749388,3,0.7192612,3,0.44627005,3,0.8988966
3851,3,3,0.97922415,3,0.9405372,3,0.48020735,3,0.97177243
3914,3,3,0.9862503,3,0.9999672,3,0.71979237,3,0.96745324
4023,3,3,0.946793,3,0.9635661,3,0.3791584,3,0.36731014
4168,3,3,0.974414,3,0.99201775,3,0.4853408,3,0.9626429
4215,3,3,0.76385283,3,0.994505,3,0.50728816,3,0.97351396
4229,3,3,0.96928954,3,0.99990547,3,0.74329257,3,0.9374966
4323,3,3,0.9827132,3,0.9852647,3,0.43556648,3,0.96143466
4330,3,3,0.7997033,3,0.9968997,3,0.26062065,5,0.8081312
4463,3,3,0.9914825,3,0.99976414,3,0.6723463,3,0.9881151
4531,3,3,0.9358747,3,0.9983424,3,0.59651613,3,0.74116576
4590,3,3,0.9615826,3,0.9978963,3,0.5714326,3,0.9801963
4609,3,3,0.96117336,3,0.996912,3,0.26114228,7,0.39813122
4821,3,3,0.9731574,3,0.9971404,3,0.5419971,3,0.9451156
4881,3,3,0.92676914,3,0.9998971,3,0.44739762,7,0.48894635
4908,3,3,0.9713428,3,0.999366,3,0.71684164,3,0.9684683
5528,3,5,0.7647068,3,0.99679226,3,0.5259346,3,0.9687585
6490,3,3,0.81182045,3,0.9821041,3,0.48494983,3,0.521791
6952,3,3,0.99830365,3,0.9958268,3,0.5519446,3,0.9730877
7416,3,5,0.80784106,3,0.9772524,3,0.46089455,3,0.9416833
7744,3,3,0.6956438,3,0.8539339,3,0.50770414,3,0.9668146
7793,3,5,0.8466156,3,0.57969165,3,0.36093196,3,0.82859236
7797,3,3,0.930834,3,0.9976053,3,0.5940532,3,0.90111446
171,4,4,0.9877457,4,0.98901063,4,0.5896335,4,0.99847
506,4,4,0.8213044,4,0.97315603,4,0.5489552,4,0.9958717
691,4,4,0.98080313,4,0.99984276,4,0.65561986,4,0.998406
766,4,6,0.9093608,6,0.95225084,6,0.443956,6,0.91187096
855,4,4,0.8252514,4,0.9972957,4,0.58728933,4,0.9806785
1111,4,4,0.84993315,4,0.9815626,4,0.7758973,4,0.98919487
1124,4,4,0.9264633,4,0.9976922,4,0.6220573,4,0.9995696
1211,4,4,0.80551434,4,0.9925789,4,0.66460466,4,0.9892371
1266,4,4,0.9069886,4,0.99234104,4,0.5275151,4,0.99499905
1429,4,4,0.8887356,4,0.9976025,4,0.5636031,4,0.99220276
1960,4,4,0.49786547,5,0.6099911,4,0.47796968,4,0.9586405
2399,4,4,0.8616667,4,0.98117375,4,0.5817264,4,0.86535627
2704,4,4,0.9352449,4,0.9978108,4,0.6799167,4,0.99960524
2757,4,4,0.9113518,4,0.99494994,4,0.60779154,4,0.9893672
2898,4,4,0.96288943,4,0.9961994,4,0.7093099,4,0.997773
3034,4,4,0.9892749,4,0.9952565,4,0.6141248,4,0.99700326
3078,4,4,0.9762946,4,0.97741085,4,0.69758296,4,0.9977526
3122,4,4,0.93841857,4,0.9973839,4,0.41341057,4,0.9514314
3179,4,4,0.9582194,4,0.9991437,4,0.7472387,4,0.9974183
3287,4,4,0.9940493,4,0.9960977,4,0.76426446,4,0.99864084
3365,4,4,0.888005,4,0.99265164,4,0.6805865,4,0.9946826
3458,4,4,0.9617892,4,0.99633265,4,0.7527377,4,0.9962387
3512,4,4,0.98419833,4,0.9978109,4,0.62645274,4,0.9994485
3763,4,4,0.9310859,4,0.99225026,4,0.7753561,4,0.9954514
3891,4,4,0.96413434,4,0.99056387,4,0.6213616,4,0.99892277
3994,4,4,0.97690374,4,0.9983639,4,0.6508602,4,0.9994906
4054,4,4,0.96181667,4,0.9081149,4,0.7544777,4,0.9958585
4629,4,4,0.9844599,4,0.99965346,4,0.7125619,4,0.99833894
4642,4,4,0.9733793,4,0.9976138,4,0.6647229,4,0.9983614
4740,4,4,0.86383027,4,0.92183113,4,0.597481,4,0.9958097
5062,4,4,0.98374915,4,0.997139,4,0.6865873,4,0.99915075
5077,4,4,0.9527508,4,0.9828377,4,0.74075896,4,0.9776692
5135,4,4,0.9560909,4,0.5623315,4,0.63920605,4,0.99828666
5213,4,4,0.92807364,4,0.9908083,4,0.6880033,4,0.991791
5402,4,4,0.8862407,4,0.997088,4,0.8001148,4,0.99187696
5467,4,4,0.8554883,4,0.91854435,4,0.75708693,4,0.99740523
5556,4,4,0.9229991,4,0.8882534,4,0.72323936,4,0.9737519
5623,4,4,0.7889358,4,0.9966858,4,0.76948357,4,0.9985227
5789,4,4,0.8605284,4,0.9949823,4,0.74270517,4,0.9945564
6033,4,4,0.9615659,4,0.99976367,4,0.57310236,4,0.99510974
6097,4,4,0.8701109,4,0.9876714,4,0.72794044,4,0.971404
6288,4,4,0.98159367,4,0.99887484,4,0.6716261,4,0.9983612
6508,4,4,0.97279793,4,0.9980946,4,0.68697083,4,0.99375206
6528,4,4,0.93376005,4,0.999257,4,0.44810778,4,0.9973744
7475,4,4,0.86611146,4,0.9908057,4,0.75338125,4,0.9991304
7610,4,4,0.9388619,4,0.99776924,4,0.62942404,4,0.9944199
7692,4,4,0.96531546,4,0.991706,4,0.6348237,4,0.99668056
7864,4,4,0.91383094,4,0.9722893,4,0.78588694,4,0.9954863
7940,4,4,0.95941997,4,0.9993882,4,0.59751886,4,0.9965538
7944,4,4,0.72973907,4,0.8991516,4,0.47770604,4,0.99387395
97,5,5,0.78957117,5,0.97225666,5,0.5578739,5,0.9217855
319,5,5,0.9844007,5,0.9902379,5,0.6113025,5,0.9711736
378,5,5,0.961732,5,0.9777754,5,0.6566324,5,0.98424846
568,5,5,0.90614486,5,0.98528963,5,0.41916347,5,0.71145123
645,5,5,0.9947131,5,0.99707115,5,0.6427047,5,0.8017581
685,5,5,0.9894107,5,0.99476516,5,0.64647233,5,0.9674329
1095,5,5,0.9203779,5,0.98627466,5,0.602486,5,0.9620069
1552,5,5,0.94001615,5,0.9976897,5,0.40135643,5,0.4218193
1626,5,5,0.9743978,5,0.96223223,5,0.6425098,5,0.9720989
1644,5,5,0.955127,5,0.97747266,5,0.6663538,5,0.97550833
1877,5,5,0.9309422,5,0.9679832,5,0.5662032,5,0.8146574
2265,5,5,0.91070473,5,0.9960128,5,0.703877,5,0.9541822
2268,5,5,0.9601436,5,0.9720846,5,0.744345,5,0.9906131
2334,5,5,0.98892874,5,0.9712108,5,0.71094793,5,0.9594629
2391,5,5,0.596444,5,0.6491937,5,0.5571627,5,0.9073093
2427,5,5,0.9142606,5,0.98192275,5,0.6850089,5,0.9591499
2458,5,5,0.9809552,5,0.9879936,5,0.6248121,5,0.9617465
2623,5,5,0.9743953,5,0.96781623,5,0.55239743,5,0.88913065
2766,5,5,0.98715216,5,0.9901654,5,0.68555236,5,0.9679795
2807,5,4,0.4023996,4,0.41954368,5,0.17546551,4,0.47810203
2950,5,5,0.95883775,5,0.9915691,5,0.6104075,5,0.954785
3353,5,3,0.78359336,5,0.84140784,5,0.30706298,5,0.4348705
3852,5,5,0.9139304,5,0.8854558,5,0.59011817,5,0.9536533
3863,5,5,0.88863814,5,0.97425675,5,0.58434767,5,0.9433877
3889,5,5,0.97364193,5,0.68557286,5,0.69170547,5,0.92798287
4106,5,5,0.90646714,5,0.89750427,5,0.52079356,5,0.9315797
4290,5,5,0.44497594,1,0.6490423,4,0.21664138,4,0.6572045
4547,5,5,0.91950405,5,0.93170965,5,0.6815948,5,0.9734812
4570,5,5,0.8781321,5,0.97771764,5,0.60522807,5,0.9448929
4850,5,5,0.9982139,5,0.9993773,5,0.621433,5,0.93828
4953,5,5,0.9450863,5,0.8744155,5,0.40922967,5,0.9112038
4966,5,5,0.996965,5,0.9077416,5,0.512671,5,0.9283451
5101,5,5,0.9643989,2,0.51474845,5,0.6438231,5,0.9468359
5332,5,5,0.9083747,5,0.6264268,5,0.5344244,5,0.8068008
5381,5,5,0.89632297,5,0.9948689,5,0.4356374,5,0.93776995
5496,5,5,0.97971296,5,0.9916481,5,0.5855464,5,0.96484685
5701,5,5,0.90831816,5,0.99310726,5,0.6222807,5,0.96988666
5924,5,5,0.9662456,5,0.9896415,5,0.25784487,6,0.5331461
6224,5,5,0.87191254,5,0.9133664,5,0.43898466,5,0.7813758
6358,5,5,0.89732116,5,0.9629216,5,0.44302213,5,0.9472577
6414,5,5,0.9008935,5,0.8746448,5,0.3692981,5,0.8451683
6716,5,5,0.8485784,6,0.18339853,5,0.37584278,5,0.8845626
6922,5,5,0.9985689,5,0.9994475,5,0.6399088,5,0.97601867
6989,5,5,0.8787851,5,0.97568464,5,0.3341201,5,0.7270537
7041,5,5,0.94990164,5,0.86807436,5,0.27235094,5,0.76215726
7130,5,5,0.907295,5,0.94479704,5,0.5885003,5,0.9830663
7413,5,5,0.55739576,5,0.89843035,3,0.31475967,3,0.40467942
7474,5,5,0.9741519,5,0.9728487,5,0.7145821,5,0.9750171
7706,5,5,0.9502524,5,0.754219,5,0.42271397,5,0.9331304
7776,5,5,0.95041996,5,0.9475136,5,0.5462522,5,0.94082284
449,6,6,0.99299675,6,0.99872214,6,0.5997995,6,0.9976261
545,6,6,0.66451746,6,0.98145103,6,0.46430132,6,0.9271018
873,6,6,0.88633054,6,0.9996877,6,0.3458897,6,0.93782026
890,6,6,0.96570265,6,0.9927429,6,0.659375,6,0.9982786
920,6,6,0.95105916,6,0.99680614,6,0.6063678,6,0.99918777
929,6,6,0.8626134,6,0.9912238,6,0.71995157,6,0.9964271
964,6,6,0.99339336,6,0.9956161,6,0.57678276,6,0.9919109
977,6,6,0.99160767,6,0.9970771,6,0.7213212,6,0.99842
1534,6,6,0.98423105,6,0.9975713,6,0.37327898,6,0.89340156
1667,6,6,0.97589,6,0.99688846,6,0.675807,6,0.96449727
2003,6,6,0.99434835,6,0.99776363,6,0.70952123,6,0.99521905
2610,6,6,0.9395663,6,0.9977981,6,0.5051696,6,0.98919487
2676,6,6,0.99276817,6,0.5196852,6,0.54960006,6,0.9892937
2958,6,6,0.9810704,6,0.9927562,6,0.6739241,6,0.9973284
3191,6,6,0.8438595,6,0.9911724,6,0.47120208,6,0.9105875
3292,6,6,0.98531854,6,0.96734345,6,0.4363318,6,0.98311746
3418,6,6,0.9603461,6,0.9932754,6,0.71818423,6,0.9993235
3494,6,6,0.999908,6,0.9998116,6,0.7565593,6,0.9959597
3515,6,6,0.8466179,4,0.80785173,6,0.62217987,6,0.9983746
3777,6,6,0.9729005,6,0.99835086,6,0.69185483,6,0.9986111
3779,6,6,0.98870033,6,0.9971631,6,0.6871729,6,0.9987056
3844,6,6,0.9907664,6,0.99967945,6,0.5609383,6,0.99785054
3962,6,6,0.9833852,6,0.9995615,6,0.5622713,6,0.9982395
4011,6,6,0.99976164,6,0.99916005,6,0.7174336,6,0.9954331
4093,6,6,0.9710821,6,0.995346,6,0.5998583,6,0.99601483
4254,6,6,0.9557468,6,0.9930697,6,0.6363816,6,0.9993887
4341,6,6,0.99406564,6,0.9989274,6,0.7153377,6,0.9984664
4411,6,6,0.9831608,6,0.9915086,6,0.35675085,6,0.94762427
4620,6,6,0.99928516,6,0.9996327,6,0.6158425,6,0.99733114
4731,6,6,0.96575916,6,0.9903791,6,0.6749933,6,0.9992035
4746,6,6,0.8987793,6,0.9929247,6,0.64715636,6,0.999566
4754,6,6,0.9749337,6,0.9995253,6,0.660456,6,0.9976987
4827,6,6,0.9981665,6,0.9997311,6,0.42343056,6,0.97506636
5082,6,6,0.90939057,6,0.9814392,6,0.7014589,6,0.9987367
5382,6,6,0.941816,6,0.9941402,6,0.5076238,6,0.98173714
5408,6,6,0.73416466,6,0.96975905,6,0.52976114,6,0.9986206
5580,6,6,0.99841285,5,0.64331466,6,0.659588,6,0.998287
5729,6,6,0.99075574,6,0.9969903,6,0.7083534,6,0.9984793
5857,6,4,0.50442505,4,0.8093479,6,0.45136428,6,0.9704377
5858,6,6,0.80131716,6,0.999213,6,0.5485,6,0.9982805
6381,6,6,0.86568815,6,0.99385935,6,0.7233525,6,0.988601
6713,6,6,0.8751808,6,0.99021965,6,0.51747334,6,0.95616996
7108,6,6,0.9169476,6,0.9923711,6,0.7239447,6,0.9978728
7338,6,6,0.99954635,6,0.99952865,6,0.5658802,6,0.9928186
7555,6,6,0.98723257,6,0.9920848,6,0.40810165,6,0.915617
7600,6,6,0.99865365,6,0.9996698,6,0.4886941,6,0.9906791
7726,6,6,0.99640876,6,0.9978307,6,0.7072239,6,0.9987355
7779,6,6,0.9936307,6,0.999134,6,0.6271278,6,0.9692165
7781,6,6,0.98582315,6,0.99749714,6,0.73238903,6,0.9997135
7996,6,6,0.9995735,6,0.99049044,6,0.74900454,6,0.996197
29,7,7,0.995884,7,0.9988527,7,0.70329213,7,0.99982685
269,7,7,0.9795487,7,0.9978528,7,0.6592296,7,0.999634
323,7,7,0.9844029,7,0.9994948,7,0.6445516,7,0.9995503
370,7,7,0.88114125,7,0.99895144,7,0.65524244,7,0.9997594
1032,7,7,0.9770303,7,0.9894908,7,0.6996913,7,0.9955081
1048,7,7,0.9443049,7,0.9851909,7,0.45847997,7,0.99477506
1220,7,7,0.9194708,7,0.9986064,7,0.62690717,7,0.9946321
1287,7,7,0.9413071,7,0.99750024,7,0.3685671,7,0.7630912
1296,7,7,0.9729074,7,0.99943274,7,0.69819003,7,0.99954885
1440,7,7,0.9694187,7,0.9989353,7,0.63051873,7,0.9995177
1473,7,7,0.91872066,7,0.9938055,7,0.77852345,7,0.9994936
1579,7,7,0.9684876,7,0.99280494,7,0.5702677,7,0.999057
1703,7,7,0.8407579,7,0.9989882,7,0.4829707,7,0.94809616
1711,7,7,0.96819925,7,0.9500262,7,0.66496927,7,0.99911433
1771,7,7,0.6544807,7,0.8999198,7,0.50358975,7,0.9977857
1884,7,7,0.97797024,7,0.99361837,7,0.63604456,7,0.98867935
1927,7,7,0.9861726,7,0.99891496,7,0.7012927,7,0.9988589
1956,7,3,0.7609773,7,0.9741839,7,0.3864637,7,0.99451494
2501,7,7,0.9832427,7,0.98928994,7,0.6756587,7,0.995466
2668,7,7,0.9597077,7,0.9981262,7,0.54903173,7,0.996555
2746,7,7,0.97919124,7,0.9996,7,0.7016348,7,0.999146
2854,7,7,0.97851664,7,0.9979512,7,0.6740066,7,0.99909115
3153,7,7,0.9177391,7,0.99603635,7,0.4992573,7,0.9945539
3288,7,7,0.8996629,7,0.99621564,7,0.71184313,7,0.9993426
3404,7,7,0.9421786,7,0.9951267,7,0.6307081,7,0.9987143
3446,7,7,0.96801335,7,0.99856734,7,0.7192404,7,0.9997651
3467,7,7,0.95506096,7,0.98808134,7,0.4446766,7,0.9487435
3542,7,7,0.9771937,7,0.9961492,7,0.651859,7,0.9988889
3867,7,7,0.9771478,7,0.91380274,7,0.69285685,7,0.9995154
4172,7,7,0.9676981,7,0.99843067,7,0.48115408,7,0.9950558
4236,7,7,0.95552397,7,0.99696094,7,0.7449192,7,0.9991491
4308,7,7,0.98438406,7,0.9999342,7,0.53226936,7,0.9980051
4403,7,7,0.97611827,7,0.9994968,7,0.7411952,7,0.99985087
4661,7,7,0.9700731,7,0.96874356,7,0.7125947,7,0.9989845
4704,7,7,0.99140185,7,0.99925786,7,0.7353536,7,0.99892265
4748,7,7,0.8770239,7,0.9944787,7,0.7334169,7,0.99873096
4791,7,7,0.9676221,7,0.99712473,7,0.6930512,7,0.9997979
5436,7,7,0.86773115,7,0.9965718,7,0.67349607,7,0.99970335
5450,7,7,0.96359533,7,0.9979755,7,0.7140398,7,0.9963831
5719,7,7,0.9447587,7,0.9926508,7,0.7262381,7,0.9942068
5848,7,7,0.9413862,7,0.9975961,7,0.65888184,7,0.99910164
5977,7,7,0.9515672,7,0.99296874,7,0.7606336,7,0.9947666
6084,7,7,0.94542164,7,0.9979261,7,0.77039254,7,0.99872667
6190,7,7,0.96833706,7,0.9981187,7,0.749942,7,0.99962425
6650,7,7,0.99319625,7,0.9996151,7,0.68254644,7,0.9973744
6726,7,7,0.9646539,7,0.99657416,7,0.53683275,7,0.9957444
6772,7,7,0.90081626,7,0.9921948,7,0.45901552,7,0.9954424
7081,7,7,0.98115003,7,0.9913551,7,0.61376584,7,0.9935169
7270,7,7,0.98539126,7,0.97166026,7,0.45946053,7,0.9770065
7835,7,7,0.9751384,7,0.9889431,7,0.7256016,7,0.9996295
151,8,8,0.92927355,8,0.99810934,8,0.72520113,8,0.9915475
194,8,8,0.98758394,8,0.99980336,8,0.81432307,8,0.9960537
667,8,8,0.98600125,8,0.9985607,8,0.7419707,8,0.99834657
706,8,8,0.9877088,8,0.9997075,8,0.6815682,8,0.9985183
716,8,8,0.8204561,8,0.9874091,8,0.7037178,8,0.97858846
739,8,8,0.9800494,8,0.9967514,8,0.7817993,8,0.9952808
962,8,8,0.99580115,8,0.9997911,8,0.79260784,8,0.99355173
1129,8,8,0.98356146,8,0.99893254,8,0.72531235,8,0.9960672
1247,8,8,0.98831326,8,0.98594344,8,0.65550685,8,0.97724116
1640,8,8,0.93301696,8,0.9995363,8,0.8238287,8,0.9985545
1783,8,8,0.9891205,8,0.99898046,8,0.80167717,8,0.99637306
1833,8,8,0.91152287,8,0.99271905,8,0.72966665,8,0.98868495
1954,8,8,0.85983396,8,0.9852005,8,0.5835858,8,0.987007
2109,8,8,0.9683964,8,0.9988128,8,0.802142,8,0.9989667
2191,8,8,0.94984853,8,0.98724306,8,0.77178556,8,0.99776614
2230,8,8,0.96793616,8,0.99677235,8,0.8061869,8,0.9935069
2340,8,8,0.96950656,8,0.9996669,8,0.8020752,8,0.99343127
2342,8,8,0.99175525,8,0.9983997,8,0.7905933,8,0.9974981
2745,8,8,0.9925466,8,0.999395,8,0.80062807,8,0.9959896
2844,8,8,0.9725762,8,0.9992078,8,0.7460244,8,0.99594045
3015,8,8,0.99525523,8,0.9995956,8,0.8194856,8,0.9922512
3157,8,8,0.98944795,8,0.9994603,8,0.80032104,8,0.9941048
3412,8,8,0.9738808,8,0.99766916,8,0.7879406,8,0.9970522
3905,8,8,0.9033533,8,0.9986337,8,0.7782018,8,0.99721956
3948,8,8,0.97864884,8,0.9971307,8,0.70912087,8,0.9914329
4069,8,8,0.54111564,8,0.5825035,8,0.3800779,8,0.957822
4170,8,8,0.93529487,8,0.9990688,8,0.71007824,8,0.9962488
4177,8,8,0.9964102,8,0.999767,8,0.7653075,8,0.9901804
4242,8,8,0.9595504,8,0.9939422,8,0.79940903,8,0.99283713
4311,8,8,0.98825073,8,0.9990287,8,0.8148187,8,0.9975134
4355,8,8,0.79386675,0,0.6242181,8,0.64902544,8,0.9907528
4552,8,8,0.8921148,8,0.99783665,8,0.71644413,8,0.97939163
4662,8,8,0.97011054,8,0.9996289,8,0.8163317,8,0.9913049
4676,8,8,0.9963586,8,0.99985313,8,0.7817817,8,0.9962953
4990,8,8,0.9732011,8,0.9912884,8,0.6331382,8,0.97923917
5000,8,8,0.90778214,8,0.99852484,8,0.6697181,8,0.99511874
5451,8,8,0.9739603,8,0.9929773,8,0.76984566,8,0.99773514
5525,8,8,0.96748054,8,0.99630356,8,0.7169844,8,0.99775416
5694,8,8,0.92114925,8,0.9940399,8,0.71013284,8,0.99502903
5705,8,8,0.96017927,8,0.9929472,8,0.79609025,8,0.99651474
6434,8,8,0.9728052,8,0.9999219,8,0.7753745,8,0.9981565
6689,8,8,0.9274012,8,0.8908765,8,0.6585634,8,0.98520505
7138,8,8,0.9603892,8,0.9933629,8,0.7952756,8,0.9975489
7446,8,8,0.9849841,8,0.9969414,8,0.7326866,8,0.9969959
7460,8,8,0.8363911,8,0.9392164,8,0.52878374,8,0.9881712
7476,8,8,0.97169554,0,0.54808813,8,0.51816905,8,0.99669904
7810,8,8,0.97411716,8,0.99931717,8,0.71934766,8,0.996633
7818,8,8,0.97196823,8,0.9936,8,0.7187114,8,0.9878164
7875,8,8,0.9763593,8,0.9996544,8,0.6368533,8,0.9969408
7999,8,8,0.9768907,8,0.9943897,8,0.6436018,8,0.9897166
131,9,9,0.9860865,9,0.9944449,9,0.7358476,9,0.98178434
191,9,9,0.64311516,9,0.9047969,2,0.3654796,9,0.53118163
239,9,9,0.993676,9,0.99901235,9,0.59750557,9,0.9674964
276,9,9,0.99236673,9,0.98099136,9,0.41250739,9,0.8816771
303,9,9,0.9784192,9,0.9956449,9,0.70066404,9,0.993335
419,9,9,0.95870405,9,0.9620974,9,0.6935757,9,0.9790333
603,9,9,0.8446249,9,0.9991123,9,0.54758024,9,0.80980235
805,9,9,0.992071,9,0.9929223,9,0.43019173,9,0.9270693
852,9,9,0.9869288,9,0.9991273,9,0.69100106,9,0.99498403
1022,9,9,0.99683553,9,0.5695611,9,0.3739132,9,0.88599586
1411,9,9,0.97665274,9,0.9960514,9,0.61906904,9,0.9859233
1430,9,9,0.974033,9,0.99555886,9,0.6108618,9,0.96945447
1468,9,9,0.9676265,9,0.9873104,9,0.42180127,9,0.66469264
1515,9,9,0.98171437,9,0.99733514,9,0.681063,9,0.99448615
1654,9,9,0.9567224,9,0.98714894,9,0.76415807,9,0.9843114
1836,9,9,0.946318,9,0.8308795,9,0.6667962,9,0.9896652
2011,9,9,0.978441,9,0.9827659,9,0.51936924,9,0.9713615
2062,9,9,0.9757141,9,0.99775547,9,0.7218651,9,0.99404114
2114,9,9,0.90415734,9,0.9712384,9,0.4556573,9,0.6623207
2167,9,9,0.9378686,9,0.99881727,9,0.66338867,9,0.98905957
2351,9,9,0.97731066,9,0.9967901,9,0.6746686,9,0.9960155
2414,9,9,0.8950945,9,0.9746646,9,0.4817088,9,0.9398888
2655,9,9,0.9873269,9,0.985906,9,0.42337346,9,0.90462
3318,9,9,0.97468215,9,0.99215406,9,0.51822233,9,0.8912724
3893,9,9,0.9804426,9,0.9910744,9,0.5123781,9,0.84213173
3942,9,9,0.9412884,9,0.985559,9,0.6078332,9,0.9084126
3996,9,9,0.9030623,9,0.99179757,9,0.6677926,9,0.99683565
4094,9,9,0.99642485,9,0.99795365,9,0.6595968,9,0.99139285
4449,9,9,0.9741483,9,0.9837722,9,0.50859755,9,0.9364658
4723,9,9,0.98052144,9,0.99616635,9,0.5100313,9,0.7665782
5284,9,9,0.983441,9,0.9958566,9,0.704553,9,0.9884266
5301,9,9,0.98980635,9,0.9273804,9,0.51790553,9,0.98386455
5360,9,9,0.99146867,9,0.99773526,9,0.57271194,9,0.9450459
5447,9,9,0.992859,9,0.9997079,9,0.52825785,9,0.9388121
5452,9,9,0.982655,9,0.99706024,9,0.5632665,9,0.97343826
5508,9,9,0.9933396,9,0.9966863,9,0.6280867,9,0.9829062
5572,9,9,0.9667476,9,0.9926031,9,0.5029643,9,0.9013121
5590,9,9,0.9729769,9,0.991004,9,0.49403596,9,0.9800654
5788,9,9,0.98050904,9,0.99996614,9,0.5196172,9,0.8543352
5851,9,9,0.98593444,9,0.99615353,9,0.7090758,9,0.9960147
5915,9,9,0.97840136,9,0.94354874,9,0.6175492,9,0.8894574
5981,9,9,0.9876859,9,0.9977858,9,0.43370116,9,0.866068
6931,9,9,0.9251247,9,0.991433,9,0.46815503,9,0.8289565
7047,9,9,0.98145443,9,0.9968579,9,0.6583018,9,0.9892616
7266,9,9,0.94183457,9,0.96679115,9,0.5581011,9,0.9562005
7380,9,9,0.97280335,9,0.9960945,9,0.6929127,9,0.99039465
7544,9,9,0.9272548,9,0.98566055,9,0.5561087,9,0.80960196
7752,9,9,0.93300295,9,0.9940739,9,0.5668764,9,0.8642456
7938,9,9,0.9950113,9,0.9894729,9,0.6195251,9,0.93610466
7995,9,9,0.934514,2,0.58493185,9,0.60591316,9,0.98762244
