model,intervention,condition,number_of_images,mean_cosine_similarity,std_cosine_similarity,median_cosine_similarity,minimum_cosine_similarity,maximum_cosine_similarity
ResNet-50,clean,clean,500,1.0,1.1479766470756658e-07,1.0,0.9999996423721313,1.0000003576278687
ViT-B/16,clean,clean,500,1.0,1.0079565981868654e-07,1.0,0.9999997615814209,1.000000238418579
CLIP ViT-B/32,clean,clean,500,1.0,1.195075327586892e-07,1.0,0.9999997019767761,1.0000003576278687
ResNet-50,grayscale,color removed,500,0.7891238331794739,0.09753263741731644,0.798560619354248,0.2997439503669739,0.9999991059303284
ViT-B/16,grayscale,color removed,500,0.7392416000366211,0.1261603981256485,0.7543907761573792,0.16729620099067688,1.0000001192092896
CLIP ViT-B/32,grayscale,color removed,500,0.8951221704483032,0.040099769830703735,0.9001327157020569,0.7274295091629028,0.9999999403953552
ResNet-50,hue rotation,hue factor 0.25,500,0.7588189840316772,0.11487817764282227,0.778014600276947,0.33224061131477356,0.9999979138374329
ViT-B/16,hue rotation,hue factor 0.25,500,0.7171432971954346,0.1395372450351715,0.7409924268722534,0.16701850295066833,0.9999999403953552
CLIP ViT-B/32,hue rotation,hue factor 0.25,500,0.8917779922485352,0.04815420135855675,0.8976427912712097,0.6238434910774231,1.0000001192092896
