intervention,model,accuracy,macro_f1,mean_max_confidence,accuracy_change,prediction_consistency
clean,ResNet-50 linear head,0.976,0.9760555313263286,0.9361447691917419,0.0,1.0
clean,ViT-B/16 linear head,0.972,0.9719145542405381,0.9615311026573181,0.0,1.0
clean,CLIP ViT-B/32 linear head,0.984,0.9839971869936093,0.6141672730445862,0.0,1.0
clean,CLIP ViT-B/32 zero-shot,0.968,0.967524079946368,0.9426983594894409,0.0,1.0
grayscale,ResNet-50 linear head,0.96,0.959816653536989,0.9340137243270874,-0.016000000000000014,0.9660000205039978
grayscale,ViT-B/16 linear head,0.956,0.9558523313878368,0.9549993276596069,-0.016000000000000014,0.9539999961853027
grayscale,CLIP ViT-B/32 linear head,0.952,0.9516050737255961,0.5593270063400269,-0.03200000000000003,0.9620000123977661
grayscale,CLIP ViT-B/32 zero-shot,0.944,0.9431167904260189,0.9269390106201172,-0.02400000000000002,0.9539999961853027
hue_rotation,ResNet-50 linear head,0.934,0.9337524759383049,0.9158100485801697,-0.041999999999999926,0.9380000233650208
hue_rotation,ViT-B/16 linear head,0.942,0.9419361382286823,0.9285394549369812,-0.030000000000000027,0.9440000057220459
hue_rotation,CLIP ViT-B/32 linear head,0.932,0.9319189273059243,0.5299074649810791,-0.051999999999999935,0.9380000233650208
hue_rotation,CLIP ViT-B/32 zero-shot,0.926,0.9244595257076267,0.9191874861717224,-0.041999999999999926,0.9319999814033508
