model,grid_size,number_of_patches,patch_size,accuracy,prediction_consistency
ResNet-50 linear head,1,1,224,0.9760000109672546,1.0
ViT-B/16 linear head,1,1,224,0.972000002861023,1.0
CLIP ViT-B/32 linear head,1,1,224,0.984000027179718,1.0
CLIP ViT-B/32 zero-shot,1,1,224,0.9679999947547913,1.0
ResNet-50 linear head,2,4,112,0.9580000042915344,0.9679999947547913
ViT-B/16 linear head,2,4,112,0.9559999704360962,0.9660000205039978
CLIP ViT-B/32 linear head,2,4,112,0.9539999961853027,0.9700000286102295
CLIP ViT-B/32 zero-shot,2,4,112,0.9300000071525574,0.949999988079071
ResNet-50 linear head,4,16,56,0.8980000019073486,0.9160000085830688
ViT-B/16 linear head,4,16,56,0.9100000262260437,0.921999990940094
CLIP ViT-B/32 linear head,4,16,56,0.7979999780654907,0.7979999780654907
CLIP ViT-B/32 zero-shot,4,16,56,0.7799999713897705,0.7839999794960022
ResNet-50 linear head,8,64,28,0.7760000228881836,0.7940000295639038
ViT-B/16 linear head,8,64,28,0.7979999780654907,0.8040000200271606
CLIP ViT-B/32 linear head,8,64,28,0.47600001096725464,0.47999998927116394
CLIP ViT-B/32 zero-shot,8,64,28,0.5180000066757202,0.5120000243186951
ResNet-50 linear head,16,256,14,0.414000004529953,0.41600000858306885
ViT-B/16 linear head,16,256,14,0.27799999713897705,0.27799999713897705
CLIP ViT-B/32 linear head,16,256,14,0.2619999945163727,0.26600000262260437
CLIP ViT-B/32 zero-shot,16,256,14,0.2840000092983246,0.28200000524520874
