model,intervention,condition,number_of_images,mean_cosine_similarity,std_cosine_similarity,median_cosine_similarity,minimum_cosine_similarity,maximum_cosine_similarity,grid_size,number_of_patches,patch_size
ResNet-50,patch shuffle,1×1 grid,500,1.0,1.1479766470756658e-07,1.0,0.9999996423721313,1.0000003576278687,1,1,224
ViT-B/16,patch shuffle,1×1 grid,500,1.0,1.0079565981868654e-07,1.0,0.9999997615814209,1.000000238418579,1,1,224
CLIP ViT-B/32,patch shuffle,1×1 grid,500,1.0,1.195075327586892e-07,1.0,0.9999997019767761,1.0000003576278687,1,1,224
ResNet-50,patch shuffle,2×2 grid,500,0.8683373928070068,0.055371642112731934,0.8683050870895386,0.6617940068244934,1.000000238418579,2,4,112
ViT-B/16,patch shuffle,2×2 grid,500,0.8580827713012695,0.09451965987682343,0.8712759613990784,0.5201585292816162,1.0000001192092896,2,4,112
CLIP ViT-B/32,patch shuffle,2×2 grid,500,0.865947425365448,0.05843904986977577,0.8710499405860901,0.6539645195007324,1.000000238418579,2,4,112
ResNet-50,patch shuffle,4×4 grid,500,0.7122976779937744,0.07374405860900879,0.7149102687835693,0.39419764280319214,0.8863263726234436,4,16,56
ViT-B/16,patch shuffle,4×4 grid,500,0.6502507328987122,0.11554958671331406,0.6518316268920898,0.20434822142124176,0.919674813747406,4,16,56
CLIP ViT-B/32,patch shuffle,4×4 grid,500,0.7353386282920837,0.05700170248746872,0.7395997643470764,0.5657573342323303,0.8695248365402222,4,16,56
ResNet-50,patch shuffle,8×8 grid,500,0.5507715940475464,0.10221102833747864,0.5462810397148132,0.26077231764793396,0.833500325679779,8,64,28
ViT-B/16,patch shuffle,8×8 grid,500,0.4555525779724121,0.1349804848432541,0.45216140151023865,0.06306880712509155,0.8610759973526001,8,64,28
CLIP ViT-B/32,patch shuffle,8×8 grid,500,0.6056563854217529,0.052089352160692215,0.6078166365623474,0.4554680585861206,0.7596510648727417,8,64,28
ResNet-50,patch shuffle,16×16 grid,500,0.2835330069065094,0.10825103521347046,0.2672780454158783,0.07729610055685043,0.6660159826278687,16,256,14
ViT-B/16,patch shuffle,16×16 grid,500,0.09723769128322601,0.06535574048757553,0.08966079354286194,-0.039889153093099594,0.3655891418457031,16,256,14
CLIP ViT-B/32,patch shuffle,16×16 grid,500,0.5438936352729797,0.04904089495539665,0.5418349504470825,0.3869154155254364,0.7058992385864258,16,256,14
