model,displacement,mean_cosine_similarity,direction_std,mean_image_std
CLIP ViT-B/32,0,1.0,0.0,1.195075327586892e-07
CLIP ViT-B/32,4,0.9891407936811447,0.000530748443773538,0.006352798198349774
CLIP ViT-B/32,8,0.9810719341039658,0.0002252828568032471,0.01005976041778922
CLIP ViT-B/32,16,0.9680160880088806,0.002947214654079909,0.01677278568968177
CLIP ViT-B/32,24,0.9681054651737213,0.003085983387062586,0.017491887556388974
CLIP ViT-B/32,32,0.9690930098295212,0.007368453729679637,0.01992323249578476
ResNet-50,0,1.0,0.0,1.1479766470756658e-07
ResNet-50,4,0.9797710180282593,0.0016518538087820103,0.010136099997907877
ResNet-50,8,0.968530684709549,0.0039054292089398903,0.017158672446385026
ResNet-50,16,0.9524928033351898,0.007384512436440385,0.028113494627177715
ResNet-50,24,0.9329661428928375,0.007342051499129568,0.037991891615092754
ResNet-50,32,0.9327245503664017,0.009022554116276392,0.04131319373846054
ViT-B/16,0,1.0,0.0,1.0079565981868654e-07
ViT-B/16,4,0.9671899974346161,0.002650395056255327,0.02059018984436989
ViT-B/16,8,0.9471184015274048,0.0027608250103714795,0.032182988710701466
ViT-B/16,16,0.9743198752403259,0.0018986710772001952,0.025392209645360708
ViT-B/16,24,0.9215978384017944,0.0043691447423226185,0.04921814892441034
ViT-B/16,32,0.9417606294155121,0.0075574336735267115,0.046765451319515705
