model,intervention,condition,number_of_images,mean_cosine_similarity,std_cosine_similarity,median_cosine_similarity,minimum_cosine_similarity,maximum_cosine_similarity,displacement,direction
ResNet-50,translation,0px none,500,1.0,1.1479766470756658e-07,1.0,0.9999996423721313,1.0000003576278687,0,none
ViT-B/16,translation,0px none,500,1.0,1.0079565981868654e-07,1.0,0.9999997615814209,1.000000238418579,0,none
CLIP ViT-B/32,translation,0px none,500,1.0,1.195075327586892e-07,1.0,0.9999997019767761,1.0000003576278687,0,none
ResNet-50,translation,4px left,500,0.9817644357681274,0.009903849102556705,0.9841505289077759,0.9258078336715698,0.9976421594619751,4,left
ViT-B/16,translation,4px left,500,0.9698606133460999,0.01848943717777729,0.9739543199539185,0.8711345791816711,0.9951573014259338,4,left
CLIP ViT-B/32,translation,4px left,500,0.9898740649223328,0.005660960450768471,0.9912764430046082,0.9641749858856201,0.998333215713501,4,left
ResNet-50,translation,4px right,500,0.9804666638374329,0.010619187727570534,0.9824464917182922,0.9294052124023438,0.9958438873291016,4,right
ViT-B/16,translation,4px right,500,0.9690122008323669,0.019756080582737923,0.9736261367797852,0.8637519478797913,0.995433509349823,4,right
CLIP ViT-B/32,translation,4px right,500,0.9891504645347595,0.007363929878920317,0.990977942943573,0.9344199299812317,0.9985165596008301,4,right
ResNet-50,translation,4px up,500,0.9786638617515564,0.010518774390220642,0.9807568788528442,0.9103457927703857,0.9949132204055786,4,up
ViT-B/16,translation,4px up,500,0.9644295573234558,0.022283518686890602,0.9693279266357422,0.7855250239372253,0.9942802786827087,4,up
CLIP ViT-B/32,translation,4px up,500,0.9886441826820374,0.00643561827018857,0.9900170564651489,0.9601243734359741,0.9977341294288635,4,up
ResNet-50,translation,4px down,500,0.9781891107559204,0.009502588771283627,0.9797208309173584,0.9396365880966187,0.9955576658248901,4,down
ViT-B/16,translation,4px down,500,0.9654576182365417,0.021831722930073738,0.9703140258789062,0.7856670618057251,0.9943650364875793,4,down
CLIP ViT-B/32,translation,4px down,500,0.9888944625854492,0.005950684193521738,0.9900030493736267,0.9563513994216919,0.9981338381767273,4,down
ResNet-50,translation,8px left,500,0.9737908244132996,0.013916883617639542,0.9767757654190063,0.9112443327903748,0.9944385290145874,8,left
ViT-B/16,translation,8px left,500,0.9500128030776978,0.031735580414533615,0.9577046632766724,0.7622399926185608,0.992007851600647,8,left
CLIP ViT-B/32,translation,8px left,500,0.9812459349632263,0.010465320199728012,0.9837982058525085,0.9148359894752502,0.9964314699172974,8,left
ResNet-50,translation,8px right,500,0.9655980467796326,0.021796945482492447,0.9716059565544128,0.8555106520652771,0.9931213855743408,8,right
ViT-B/16,translation,8px right,500,0.9489455819129944,0.03256486728787422,0.9576328992843628,0.7785407900810242,0.991867184638977,8,right
CLIP ViT-B/32,translation,8px right,500,0.9812117218971252,0.010936811566352844,0.9839876890182495,0.9019891619682312,0.9974768161773682,8,right
ResNet-50,translation,8px up,500,0.9692080020904541,0.014414147473871708,0.9720484018325806,0.8671090006828308,0.9908534288406372,8,up
ViT-B/16,translation,8px up,500,0.9448003172874451,0.032427284866571426,0.9507267475128174,0.7615823745727539,0.9909390807151794,8,up
CLIP ViT-B/32,translation,8px up,500,0.9807519316673279,0.009610326029360294,0.9822100400924683,0.9332159161567688,0.9961917400360107,8,up
ResNet-50,translation,8px down,500,0.9655258655548096,0.018506713211536407,0.9693329334259033,0.8350368142127991,0.99350905418396,8,down
ViT-B/16,translation,8px down,500,0.9447149038314819,0.0320042222738266,0.9491530656814575,0.7751946449279785,0.9917589426040649,8,down
CLIP ViT-B/32,translation,8px down,500,0.9810781478881836,0.009226583875715733,0.9826304316520691,0.9402050375938416,0.9965907335281372,8,down
ResNet-50,translation,16px left,500,0.9607934951782227,0.022186947986483574,0.9662010073661804,0.826164186000824,0.9918450117111206,16,left
ViT-B/16,translation,16px left,500,0.9760962128639221,0.021659161895513535,0.9819422960281372,0.8399293422698975,0.9996262788772583,16,left
CLIP ViT-B/32,translation,16px left,500,0.9652812480926514,0.019828977063298225,0.9701218008995056,0.8168125748634338,0.9934412837028503,16,left
ResNet-50,translation,16px right,500,0.9439603090286255,0.03601379320025444,0.9548065662384033,0.7970808148384094,0.9889771938323975,16,right
ViT-B/16,translation,16px right,500,0.9750801920890808,0.025074394419789314,0.98215651512146,0.792796790599823,0.9995826482772827,16,right
CLIP ViT-B/32,translation,16px right,500,0.9657526016235352,0.019497061148285866,0.9691609144210815,0.8530231714248657,0.9936451315879822,16,right
ResNet-50,translation,16px up,500,0.9559148550033569,0.02395866997539997,0.9610949158668518,0.7920129895210266,0.9883311986923218,16,up
ViT-B/16,translation,16px up,500,0.9744415283203125,0.024608155712485313,0.9822559356689453,0.8469511866569519,0.9994289875030518,16,up
CLIP ViT-B/32,translation,16px up,500,0.969821035861969,0.014041588641703129,0.9722676277160645,0.9032734632492065,0.9933578372001648,16,up
ResNet-50,translation,16px down,500,0.9493025541305542,0.030294567346572876,0.9560689330101013,0.7761951684951782,0.9880426526069641,16,down
ViT-B/16,translation,16px down,500,0.9716615676879883,0.03022712655365467,0.9815216064453125,0.7631043791770935,0.9995381832122803,16,down
CLIP ViT-B/32,translation,16px down,500,0.9712094664573669,0.013723515905439854,0.9733584523200989,0.9113510251045227,0.992289662361145,16,down
ResNet-50,translation,24px left,500,0.9393247365951538,0.03403288125991821,0.9468683004379272,0.7763252854347229,0.9899783730506897,24,left
ViT-B/16,translation,24px left,500,0.9254133105278015,0.049199771136045456,0.9349766969680786,0.6106889843940735,0.9905827045440674,24,left
CLIP ViT-B/32,translation,24px left,500,0.9665533304214478,0.01974441669881344,0.9701950550079346,0.837550938129425,0.9949658513069153,24,left
ResNet-50,translation,24px right,500,0.9226577281951904,0.044770948588848114,0.9334248304367065,0.7341338992118835,0.9842817783355713,24,right
ViT-B/16,translation,24px right,500,0.9247220754623413,0.048387330025434494,0.9361696243286133,0.6410903334617615,0.9909056425094604,24,right
CLIP ViT-B/32,translation,24px right,500,0.964574933052063,0.019077517092227936,0.9686359167098999,0.8919849395751953,0.9958739876747131,24,right
ResNet-50,translation,24px up,500,0.9368412494659424,0.03383259475231171,0.9452213048934937,0.767498254776001,0.9847794771194458,24,up
ViT-B/16,translation,24px up,500,0.9202339053153992,0.04635786637663841,0.9314818978309631,0.7203920483589172,0.9896379113197327,24,up
CLIP ViT-B/32,translation,24px up,500,0.9700225591659546,0.016571924090385437,0.973644495010376,0.8617677688598633,0.9944497346878052,24,up
ResNet-50,translation,24px down,500,0.9330408573150635,0.039331141859292984,0.9418237209320068,0.6949359178543091,0.98508620262146,24,down
ViT-B/16,translation,24px down,500,0.9160220623016357,0.05292762815952301,0.9277380704879761,0.5604753494262695,0.9903484582901001,24,down
CLIP ViT-B/32,translation,24px down,500,0.9712710380554199,0.014573692344129086,0.9740765690803528,0.890709638595581,0.9948481321334839,24,down
ResNet-50,translation,32px left,500,0.9402145743370056,0.035961005836725235,0.9485310912132263,0.7405999302864075,0.9947331547737122,32,left
ViT-B/16,translation,32px left,500,0.947864294052124,0.0403265580534935,0.9563490748405457,0.7389721274375916,0.9988030791282654,32,left
CLIP ViT-B/32,translation,32px left,500,0.9632530808448792,0.022686699405312538,0.967474102973938,0.8120343685150146,0.9985692501068115,32,left
ResNet-50,translation,32px right,500,0.920051097869873,0.045284055173397064,0.9306090474128723,0.7443735599517822,0.9966757893562317,32,right
ViT-B/16,translation,32px right,500,0.9485114812850952,0.040009405463933945,0.9576071500778198,0.7549004554748535,0.9987174272537231,32,right
CLIP ViT-B/32,translation,32px right,500,0.9622563719749451,0.02363528124988079,0.9667812585830688,0.8157435059547424,0.9984241724014282,32,right
ResNet-50,translation,32px up,500,0.9379684925079346,0.039080385118722916,0.9472557902336121,0.733622670173645,0.9940013289451599,32,up
ViT-B/16,translation,32px up,500,0.9370504021644592,0.05248234421014786,0.9539554715156555,0.6640763878822327,0.9985729455947876,32,up
CLIP ViT-B/32,translation,32px up,500,0.974511981010437,0.017728356644511223,0.9791080355644226,0.8767179250717163,0.9987183809280396,32,up
ResNet-50,translation,32px down,500,0.9326640367507935,0.04492732882499695,0.9449551701545715,0.6762416958808899,0.991406261920929,32,down
ViT-B/16,translation,32px down,500,0.9336163401603699,0.05424349755048752,0.9499640464782715,0.5782075524330139,0.9986314177513123,32,down
CLIP ViT-B/32,translation,32px down,500,0.9763506054878235,0.015642592683434486,0.9797476530075073,0.8954622149467468,0.9977955222129822,32,down
