model,displacement,direction,accuracy,prediction_consistency
ResNet-50 linear head,0,none,0.9760000109672546,1.0
ViT-B/16 linear head,0,none,0.972000002861023,1.0
CLIP ViT-B/32 linear head,0,none,0.984000027179718,1.0
CLIP ViT-B/32 zero-shot,0,none,0.9679999947547913,1.0
ResNet-50 linear head,4,left,0.9739999771118164,0.9940000176429749
ViT-B/16 linear head,4,left,0.9739999771118164,0.9879999756813049
CLIP ViT-B/32 linear head,4,left,0.984000027179718,0.9879999756813049
CLIP ViT-B/32 zero-shot,4,left,0.9679999947547913,0.9779999852180481
ResNet-50 linear head,4,right,0.9739999771118164,0.9980000257492065
ViT-B/16 linear head,4,right,0.9779999852180481,0.9900000095367432
CLIP ViT-B/32 linear head,4,right,0.9779999852180481,0.984000027179718
CLIP ViT-B/32 zero-shot,4,right,0.9679999947547913,0.9819999933242798
ResNet-50 linear head,4,up,0.9760000109672546,0.9900000095367432
ViT-B/16 linear head,4,up,0.9700000286102295,0.9900000095367432
CLIP ViT-B/32 linear head,4,up,0.9739999771118164,0.984000027179718
CLIP ViT-B/32 zero-shot,4,up,0.9739999771118164,0.9819999933242798
ResNet-50 linear head,4,down,0.9760000109672546,0.9959999918937683
ViT-B/16 linear head,4,down,0.9679999947547913,0.9739999771118164
CLIP ViT-B/32 linear head,4,down,0.9760000109672546,0.9879999756813049
CLIP ViT-B/32 zero-shot,4,down,0.9760000109672546,0.9860000014305115
ResNet-50 linear head,8,left,0.9779999852180481,0.9940000176429749
ViT-B/16 linear head,8,left,0.972000002861023,0.9800000190734863
CLIP ViT-B/32 linear head,8,left,0.9800000190734863,0.984000027179718
CLIP ViT-B/32 zero-shot,8,left,0.9679999947547913,0.984000027179718
ResNet-50 linear head,8,right,0.972000002861023,0.9959999918937683
ViT-B/16 linear head,8,right,0.9760000109672546,0.984000027179718
CLIP ViT-B/32 linear head,8,right,0.9760000109672546,0.9800000190734863
CLIP ViT-B/32 zero-shot,8,right,0.9660000205039978,0.9819999933242798
ResNet-50 linear head,8,up,0.9739999771118164,0.9959999918937683
ViT-B/16 linear head,8,up,0.9760000109672546,0.9819999933242798
CLIP ViT-B/32 linear head,8,up,0.9819999933242798,0.9800000190734863
CLIP ViT-B/32 zero-shot,8,up,0.9700000286102295,0.9779999852180481
ResNet-50 linear head,8,down,0.972000002861023,0.9900000095367432
ViT-B/16 linear head,8,down,0.9739999771118164,0.984000027179718
CLIP ViT-B/32 linear head,8,down,0.984000027179718,0.9940000176429749
CLIP ViT-B/32 zero-shot,8,down,0.972000002861023,0.9800000190734863
ResNet-50 linear head,16,left,0.972000002861023,0.9900000095367432
ViT-B/16 linear head,16,left,0.9679999947547913,0.9879999756813049
CLIP ViT-B/32 linear head,16,left,0.9760000109672546,0.9779999852180481
CLIP ViT-B/32 zero-shot,16,left,0.9700000286102295,0.984000027179718
ResNet-50 linear head,16,right,0.972000002861023,0.9959999918937683
ViT-B/16 linear head,16,right,0.9679999947547913,0.9900000095367432
CLIP ViT-B/32 linear head,16,right,0.984000027179718,0.9800000190734863
CLIP ViT-B/32 zero-shot,16,right,0.9760000109672546,0.9800000190734863
ResNet-50 linear head,16,up,0.9679999947547913,0.9919999837875366
ViT-B/16 linear head,16,up,0.9700000286102295,0.9879999756813049
CLIP ViT-B/32 linear head,16,up,0.9760000109672546,0.9819999933242798
CLIP ViT-B/32 zero-shot,16,up,0.9700000286102295,0.9760000109672546
ResNet-50 linear head,16,down,0.9700000286102295,0.9919999837875366
ViT-B/16 linear head,16,down,0.9819999933242798,0.9860000014305115
CLIP ViT-B/32 linear head,16,down,0.9779999852180481,0.9760000109672546
CLIP ViT-B/32 zero-shot,16,down,0.9739999771118164,0.9779999852180481
ResNet-50 linear head,24,left,0.9700000286102295,0.9879999756813049
ViT-B/16 linear head,24,left,0.9599999785423279,0.9760000109672546
CLIP ViT-B/32 linear head,24,left,0.9660000205039978,0.972000002861023
CLIP ViT-B/32 zero-shot,24,left,0.9580000042915344,0.9739999771118164
ResNet-50 linear head,24,right,0.9700000286102295,0.9940000176429749
ViT-B/16 linear head,24,right,0.9660000205039978,0.9819999933242798
CLIP ViT-B/32 linear head,24,right,0.9860000014305115,0.984000027179718
CLIP ViT-B/32 zero-shot,24,right,0.9599999785423279,0.9700000286102295
ResNet-50 linear head,24,up,0.9660000205039978,0.9900000095367432
ViT-B/16 linear head,24,up,0.9700000286102295,0.9679999947547913
CLIP ViT-B/32 linear head,24,up,0.9800000190734863,0.9860000014305115
CLIP ViT-B/32 zero-shot,24,up,0.9639999866485596,0.9779999852180481
ResNet-50 linear head,24,down,0.9660000205039978,0.984000027179718
ViT-B/16 linear head,24,down,0.972000002861023,0.9739999771118164
CLIP ViT-B/32 linear head,24,down,0.9760000109672546,0.9779999852180481
CLIP ViT-B/32 zero-shot,24,down,0.9559999704360962,0.9700000286102295
ResNet-50 linear head,32,left,0.9660000205039978,0.9860000014305115
ViT-B/16 linear head,32,left,0.9660000205039978,0.9779999852180481
CLIP ViT-B/32 linear head,32,left,0.9679999947547913,0.9760000109672546
CLIP ViT-B/32 zero-shot,32,left,0.9539999961853027,0.9660000205039978
ResNet-50 linear head,32,right,0.9620000123977661,0.9860000014305115
ViT-B/16 linear head,32,right,0.9580000042915344,0.9800000190734863
CLIP ViT-B/32 linear head,32,right,0.9819999933242798,0.984000027179718
CLIP ViT-B/32 zero-shot,32,right,0.9620000123977661,0.972000002861023
ResNet-50 linear head,32,up,0.9700000286102295,0.9879999756813049
ViT-B/16 linear head,32,up,0.9599999785423279,0.9700000286102295
CLIP ViT-B/32 linear head,32,up,0.9700000286102295,0.9779999852180481
CLIP ViT-B/32 zero-shot,32,up,0.9580000042915344,0.9779999852180481
ResNet-50 linear head,32,down,0.9639999866485596,0.9879999756813049
ViT-B/16 linear head,32,down,0.9679999947547913,0.972000002861023
CLIP ViT-B/32 linear head,32,down,0.9779999852180481,0.9879999756813049
CLIP ViT-B/32 zero-shot,32,down,0.949999988079071,0.9760000109672546
