model,displacement,accuracy,prediction_consistency,accuracy_direction_std,consistency_direction_std
CLIP ViT-B/32 linear head,0,0.984000027179718,1.0,0.0,0.0
CLIP ViT-B/32 linear head,4,0.9780000001192093,0.9860000014305115,0.004320511751890345,0.002309371344135845
CLIP ViT-B/32 linear head,8,0.9805000126361847,0.9845000207424164,0.00341565281474938,0.006608074977230691
CLIP ViT-B/32 linear head,16,0.9785000085830688,0.9790000021457672,0.0037859478816278406,0.0025819864351409798
CLIP ViT-B/32 linear head,24,0.9770000129938126,0.9800000041723251,0.008406340209784018,0.0063245618545535185
CLIP ViT-B/32 linear head,32,0.9745000004768372,0.9814999997615814,0.006608065957280032,0.005507564573417341
CLIP ViT-B/32 zero-shot,0,0.9679999947547913,1.0,0.0,0.0
CLIP ViT-B/32 zero-shot,4,0.9714999943971634,0.9819999933242798,0.004123107957915135,0.003265992942421352
CLIP ViT-B/32 zero-shot,8,0.9690000116825104,0.9810000061988831,0.0025819864351409655,0.0025820018249940986
CLIP ViT-B/32 zero-shot,16,0.9725000113248825,0.9795000106096268,0.0029999845558327494,0.0034156615399759576
CLIP ViT-B/32 zero-shot,24,0.9594999849796295,0.9730000048875809,0.00341565281474938,0.0038296850646688803
CLIP ViT-B/32 zero-shot,32,0.9560000002384186,0.9730000048875809,0.005163988260043334,0.005291490817235582
ResNet-50 linear head,0,0.9760000109672546,1.0,0.0,0.0
ResNet-50 linear head,4,0.9749999940395355,0.9945000112056732,0.0011547200848256286,0.00341565281474938
ResNet-50 linear head,8,0.9739999920129776,0.9940000027418137,0.0028284188077855295,0.002828418807785536
ResNet-50 linear head,16,0.9705000072717667,0.9924999922513962,0.0019148555021726824,0.0025166067099721997
ResNet-50 linear head,24,0.9680000245571136,0.9890000075101852,0.002309405756893567,0.004163330891844147
ResNet-50 linear head,32,0.9655000120401382,0.9869999885559082,0.0034156615399759576,0.0011546856720679385
ViT-B/16 linear head,0,0.972000002861023,1.0,0.0,0.0
ViT-B/16 linear head,4,0.9724999964237213,0.9854999929666519,0.00443469927169991,0.007724432589673358
ViT-B/16 linear head,8,0.9745000004768372,0.9825000166893005,0.001914860690091086,0.001914860690091086
ViT-B/16 linear head,16,0.972000002861023,0.9879999905824661,0.006732999231865469,0.0016329964713013305
ViT-B/16 linear head,24,0.9670000076293945,0.9749999940395355,0.005291517100432076,0.005773504068422975
ViT-B/16 linear head,32,0.9629999995231628,0.9750000089406967,0.00476095776091022,0.004760945241434328
