epoch,train_classification_loss,train_alignment_loss,train_weighted_alignment_loss,train_total_loss,train_mmd_art_painting__cartoon,train_mmd_art_painting__photo,train_mmd_cartoon__photo,art_painting_validation_accuracy,art_painting_validation_macro_f1,cartoon_validation_accuracy,cartoon_validation_macro_f1,photo_validation_accuracy,photo_validation_macro_f1,mean_source_validation_accuracy,worst_source_validation_accuracy,mean_source_validation_macro_f1,worst_source_validation_macro_f1
1,0.43836433520047074,0.5821383940613168,0.058213839406131736,0.4965781745238182,0.593063029468569,0.5500010155205034,0.6033510881611425,0.8902438879013062,0.8747735619544983,0.9040511846542358,0.9010492563247681,0.946107804775238,0.9380002021789551,0.9134676257769266,0.8902438879013062,0.9046076734860738,0.8747735619544983
2,0.18541881810221025,0.5186373823218875,0.051863738232188795,0.23728255712642118,0.5293699355206938,0.4957835195410965,0.5307586457994249,0.8999999761581421,0.9012978672981262,0.9211087226867676,0.9302185773849487,0.9520958065986633,0.9459787011146545,0.9244015018145243,0.8999999761581421,0.9258317152659098,0.9012978672981262
3,0.14567043120837492,0.49779325876480496,0.04977932587648055,0.19544975766832504,0.5023468651323237,0.47939897602439946,0.5116338933634962,0.8707317113876343,0.8659425377845764,0.9232409596443176,0.9305167198181152,0.961077868938446,0.9537171721458435,0.9183501799901327,0.8707317113876343,0.9167254765828451,0.8659425377845764
4,0.08965242345733807,0.4993385633087566,0.049933856330875624,0.13958628117465055,0.49525900681813556,0.4857244043268709,0.5170322401910765,0.8146341443061829,0.8126711845397949,0.8997867703437805,0.9093583226203918,0.92514967918396,0.9097746014595032,0.8798568646113077,0.8146341443061829,0.8772680362065634,0.8126711845397949
5,0.0851000462167172,0.4951166695254481,0.04951166695254483,0.1346117139308371,0.49118390144445956,0.49337376488579643,0.5007922975426047,0.9268292784690857,0.9243067502975464,0.9488272666931152,0.9524540901184082,0.9790419340133667,0.9747892022132874,0.9515661597251892,0.9268292784690857,0.9505166808764139,0.9243067502975464
6,0.044696243049011715,0.49542728945230824,0.04954272894523082,0.09423897315103275,0.501805294273246,0.4929170068512615,0.4915595217647716,0.9121951460838318,0.912222683429718,0.9402984976768494,0.9461346864700317,0.961077868938446,0.9554834365844727,0.9378571708997091,0.9121951460838318,0.9379469354947408,0.912222683429718
7,0.03824960215874892,0.4878848643384428,0.04878848643384432,0.0870380896087895,0.4901914983733088,0.4888269850331494,0.484636069362999,0.9341463446617126,0.939066469669342,0.9488272666931152,0.9548128843307495,0.9790419340133667,0.9750575423240662,0.9540051817893982,0.9341463446617126,0.9563122987747192,0.939066469669342
8,0.02190416246905334,0.475336027960492,0.04753360279604922,0.06943776587454173,0.48402935317438894,0.46588516846681255,0.47609352046607906,0.9097561240196228,0.9097810387611389,0.9530916810035706,0.9582253694534302,0.985029935836792,0.9822865128517151,0.9492925802866617,0.9097561240196228,0.9500976403554281,0.9097810387611389
9,0.037130488035006404,0.4752319181322033,0.047523191813220324,0.0846536801252355,0.4828579609210675,0.46563479024120885,0.4772029605686155,0.8878048658370972,0.8917537331581116,0.9445629119873047,0.9495508074760437,0.9491018056869507,0.9376029372215271,0.9271565278371176,0.8878048658370972,0.9263024926185608,0.8917537331581116
10,0.06819501232542893,0.47471064278203196,0.04747106427820323,0.11566607717774872,0.4722677652652447,0.47832878532572687,0.47353534107534295,0.8951219320297241,0.8891739845275879,0.9339019060134888,0.9403645396232605,0.961077868938446,0.9544583559036255,0.9300339023272196,0.8951219320297241,0.927998960018158,0.8891739845275879
11,0.04141358774141448,0.46768579370955116,0.04676857937095507,0.08818216762768152,0.4634676112069024,0.467469239846254,0.47212048881074303,0.9097561240196228,0.9051349759101868,0.9573560953140259,0.9605611562728882,0.9670658707618713,0.9624201059341431,0.94472603003184,0.9097561240196228,0.9427054127057394,0.9051349759101868
12,0.024644973597779837,0.47747970340598345,0.04774797034059837,0.07239294490721236,0.4710869330626268,0.46017450960273415,0.501177630872808,0.8999999761581421,0.8996143341064453,0.9509595036506653,0.9553511738777161,0.9790419340133667,0.9752406477928162,0.9433338046073914,0.8999999761581421,0.9434020519256592,0.8996143341064453
