epoch,train_classification_loss,train_total_loss,art_painting_validation_accuracy,art_painting_validation_macro_f1,cartoon_validation_accuracy,cartoon_validation_macro_f1,photo_validation_accuracy,photo_validation_macro_f1,mean_source_validation_accuracy,mean_source_validation_macro_f1
1,0.4569607618161374,0.4569607618161374,0.8926829268292683,0.8918401349843028,0.9104477611940298,0.9153720769196328,0.9461077844311377,0.9393180915443701,0.9164128241514787,0.9155101011494352
2,0.21276164039945564,0.21276164039945564,0.8682926829268293,0.8620168164244458,0.908315565031983,0.9126014332971817,0.9311377245508982,0.9219724329085147,0.9025819908365701,0.898863560876714
3,0.14079688674308613,0.14079688674308613,0.8975609756097561,0.8973515698280422,0.9530916844349681,0.9577515334109703,0.9580838323353293,0.9500881556053971,0.936245497460018,0.9350637529481366
4,0.1169893781372951,0.1169893781372951,0.8,0.7868009313310994,0.8294243070362474,0.8095482749602941,0.9281437125748503,0.9065004472323684,0.8525226732036991,0.834283217841254
5,0.09555966476909816,0.09555966476909816,0.9121951219512195,0.9116175000593694,0.9466950959488273,0.9442024602934751,0.9550898203592815,0.9499532267658781,0.9379933460864427,0.9352577290395742
6,0.07824379363374359,0.07824379363374359,0.9,0.9016882145092981,0.9381663113006397,0.9428298447853616,0.9610778443113772,0.9567738393534114,0.9330813852040056,0.9337639662160236
7,0.05683373149042739,0.05683373149042739,0.8975609756097561,0.8939869425808363,0.9381663113006397,0.935406085933585,0.9520958083832335,0.9431680805698647,0.9292743650978764,0.9241870363614287
8,0.0717024104690523,0.0717024104690523,0.9195121951219513,0.9261612809493286,0.9360341151385928,0.9431021177384763,0.9520958083832335,0.9439455774244413,0.9358807062145925,0.9377363253707487
9,0.0588826256977734,0.0588826256977734,0.8780487804878049,0.8791111266280703,0.9381663113006397,0.9443852453133775,0.9670658682634731,0.9598027968971922,0.9277603200173058,0.9277663896128799
10,0.04079579450862938,0.04079579450862938,0.8853658536585366,0.893820305189464,0.9360341151385928,0.9428036362414293,0.9580838323353293,0.9511261954713267,0.9264946003774863,0.9292500456340732
11,0.0421021180222968,0.0421021180222968,0.875609756097561,0.865072929167898,0.908315565031983,0.9091970445048438,0.937125748502994,0.9294815206609887,0.907017023210846,0.9012504981112435
12,0.05381994389914232,0.05381994389914232,0.8902439024390244,0.888744177978829,0.9530916844349681,0.9547896342622487,0.9640718562874252,0.9585496850177496,0.9358024810538059,0.9340278324196092
13,0.06205397050097161,0.06205397050097161,0.8439024390243902,0.8448744547015953,0.908315565031983,0.9156151436171225,0.9491017964071856,0.9407485084586125,0.9004399334878529,0.9004127022591101
